"タイトル","コメント","URL","親リストタイトル","親リストURL","一覧抽出方法","座標","Hidden","Hidden","Hidden","Hidden","Hidden","Hidden","Hidden","Hidden","Hidden","Hidden","Hidden","Hidden","Hidden","Hidden","Hidden","Hidden","Hidden","Hidden","Hidden"
"日本動物園水族館協会","[日本動物園水族館協会]","https://ja.wikipedia.org/wiki/日本動物園水族館協会","Category_日本の動物園","https://ja.wikipedia.org/wiki/Category:日本の動物園","箇条書き,制限あり","","","","","","","","","","","","","","","","","","","",""
"IPCわんわん動物園","[IPCわんわん動物園]","https://ja.wikipedia.org/wiki/IPCわんわん動物園","Category_日本の動物園","https://ja.wikipedia.org/wiki/Category:日本の動物園","箇条書き,制限あり","","","","","","","","","","","","","","","","","","","",""
"赤塚山公園","[赤塚山公園]","https://ja.wikipedia.org/wiki/赤塚山公園","Category_日本の動物園","https://ja.wikipedia.org/wiki/Category:日本の動物園","箇条書き,制限あり","","","","","","","","","","","","","","","","","","","",""
"秋田市大森山動物園","[秋田市大森山動物園]","https://ja.wikipedia.org/wiki/秋田市大森山動物園","Category_日本の動物園","https://ja.wikipedia.org/wiki/Category:日本の動物園","箇条書き,制限あり","","","","","","","","","","","","","","","","","","","",""
"秋吉台サファリランド","[秋吉台サファリランド]","https://ja.wikipedia.org/wiki/秋吉台サファリランド","Category_日本の動物園","https://ja.wikipedia.org/wiki/Category:日本の動物園","箇条書き,制限あり","","","","","","","","","","","","","","","","","","","",""
"阿蘇カドリー・ドミニオン","[阿蘇カドリー・ドミニオン]","https://ja.wikipedia.org/wiki/阿蘇カドリー・ドミニオン","Category_日本の動物園","https://ja.wikipedia.org/wiki/Category:日本の動物園","箇条書き,制限あり","","","","","","","","","","","","","","","","","","","",""
"熱川バナナワニ園","[熱川バナナワニ園]","https://ja.wikipedia.org/wiki/熱川バナナワニ園","Category_日本の動物園","https://ja.wikipedia.org/wiki/Category:日本の動物園","箇条書き,制限あり","","","","","","","","","","","","","","","","","","","",""
"足立区生物園","[足立区生物園]","https://ja.wikipedia.org/wiki/足立区生物園","Category_日本の動物園","https://ja.wikipedia.org/wiki/Category:日本の動物園","箇条書き,制限あり","","","","","","","","","","","","","","","","","","","",""
"アドベンチャーワールド","[アドベンチャーワールド]","https://ja.wikipedia.org/wiki/アドベンチャーワールド","Category_日本の動物園","https://ja.wikipedia.org/wiki/Category:日本の動物園","箇条書き,制限あり","","","","","","","","","","","","","","","","","","","",""
"阿仁熊牧場","[阿仁熊牧場]","https://ja.wikipedia.org/wiki/阿仁熊牧場","Category_日本の動物園","https://ja.wikipedia.org/wiki/Category:日本の動物園","箇条書き,制限あり","","","","","","","","","","","","","","","","","","","",""
"奄美アイランド植物園","[奄美アイランド植物園]","https://ja.wikipedia.org/wiki/奄美アイランド植物園","Category_日本の動物園","https://ja.wikipedia.org/wiki/Category:日本の動物園","箇条書き,制限あり","","","","","","","","","","","","","","","","","","","",""
"アルプス公園 (松本市)","[アルプス公園 (松本市)]","https://ja.wikipedia.org/wiki/アルプス公園_(松本市)","Category_日本の動物園","https://ja.wikipedia.org/wiki/Category:日本の動物園","箇条書き,制限あり","","","","","","","","","","","","","","","","","","","",""
"飯田市立動物園","[飯田市立動物園]","https://ja.wikipedia.org/wiki/飯田市立動物園","Category_日本の動物園","https://ja.wikipedia.org/wiki/Category:日本の動物園","箇条書き,制限あり","","","","","","","","","","","","","","","","","","","",""
"池田市立五月山動物園","[池田市立五月山動物園]","https://ja.wikipedia.org/wiki/池田市立五月山動物園","Category_日本の動物園","https://ja.wikipedia.org/wiki/Category:日本の動物園","箇条書き,制限あり","","","","","","","","","","","","","","","","","","","",""
"池田動物園","[池田動物園]","https://ja.wikipedia.org/wiki/池田動物園","Category_日本の動物園","https://ja.wikipedia.org/wiki/Category:日本の動物園","箇条書き,制限あり","","","","","","","","","","","","","","","","","","","",""
"いしかわ動物園","[いしかわ動物園]","https://ja.wikipedia.org/wiki/いしかわ動物園","Category_日本の動物園","https://ja.wikipedia.org/wiki/Category:日本の動物園","箇条書き,制限あり","","","","","","","","","","","","","","","","","","","",""
"伊豆アニマルキングダム","[伊豆アニマルキングダム]","https://ja.wikipedia.org/wiki/伊豆アニマルキングダム","Category_日本の動物園","https://ja.wikipedia.org/wiki/Category:日本の動物園","箇条書き,制限あり","","","","","","","","","","","","","","","","","","","",""
"IZoo","[IZoo]","https://ja.wikipedia.org/wiki/IZoo","Category_日本の動物園","https://ja.wikipedia.org/wiki/Category:日本の動物園","箇条書き,制限あり","","","","","","","","","","","","","","","","","","","",""
"伊豆シャボテン動物公園","[伊豆シャボテン動物公園]","https://ja.wikipedia.org/wiki/伊豆シャボテン動物公園","Category_日本の動物園","https://ja.wikipedia.org/wiki/Category:日本の動物園","箇条書き,制限あり","","","","","","","","","","","","","","","","","","","",""
"市川市動植物園","[市川市動植物園]","https://ja.wikipedia.org/wiki/市川市動植物園","Category_日本の動物園","https://ja.wikipedia.org/wiki/Category:日本の動物園","箇条書き,制限あり","","","","","","","","","","","","","","","","","","","",""
"市原ぞうの国","[市原ぞうの国]","https://ja.wikipedia.org/wiki/市原ぞうの国","Category_日本の動物園","https://ja.wikipedia.org/wiki/Category:日本の動物園","箇条書き,制限あり","","","","","","","","","","","","","","","","","","","",""
"到津の森公園","[到津の森公園]","https://ja.wikipedia.org/wiki/到津の森公園","Category_日本の動物園","https://ja.wikipedia.org/wiki/Category:日本の動物園","箇条書き,制限あり","","","","","","","","","","","","","","","","","","","",""
"井の頭自然文化園","[井の頭自然文化園]","https://ja.wikipedia.org/wiki/井の頭自然文化園","Category_日本の動物園","https://ja.wikipedia.org/wiki/Category:日本の動物園","箇条書き,制限あり","","","","","","","","","","","","","","","","","","","",""
"うだ・アニマルパーク","[うだ・アニマルパーク]","https://ja.wikipedia.org/wiki/うだ・アニマルパーク","Category_日本の動物園","https://ja.wikipedia.org/wiki/Category:日本の動物園","箇条書き,制限あり","","","","","","","","","","","","","","","","","","","",""
"宇都宮動物園","[宇都宮動物園]","https://ja.wikipedia.org/wiki/宇都宮動物園","Category_日本の動物園","https://ja.wikipedia.org/wiki/Category:日本の動物園","箇条書き,制限あり","","","","","","","","","","","","","","","","","","","",""
"江戸川区自然動物園","[江戸川区自然動物園]","https://ja.wikipedia.org/wiki/江戸川区自然動物園","Category_日本の動物園","https://ja.wikipedia.org/wiki/Category:日本の動物園","箇条書き,制限あり","","","","","","","","","","","","","","","","","","","",""
"愛媛県立とべ動物園","[愛媛県立とべ動物園]","https://ja.wikipedia.org/wiki/愛媛県立とべ動物園","Category_日本の動物園","https://ja.wikipedia.org/wiki/Category:日本の動物園","箇条書き,制限あり","","","","","","","","","","","","","","","","","","","",""
"大内山動物園","[大内山動物園]","https://ja.wikipedia.org/wiki/大内山動物園","Category_日本の動物園","https://ja.wikipedia.org/wiki/Category:日本の動物園","箇条書き,制限あり","","","","","","","","","","","","","","","","","","","",""
"大島公園動物園","[大島公園動物園]","https://ja.wikipedia.org/wiki/大島公園動物園","Category_日本の動物園","https://ja.wikipedia.org/wiki/Category:日本の動物園","箇条書き,制限あり","","","","","","","","","","","","","","","","","","","",""
"大塔かもしか牧場","[大塔かもしか牧場]","https://ja.wikipedia.org/wiki/大塔かもしか牧場","Category_日本の動物園","https://ja.wikipedia.org/wiki/Category:日本の動物園","箇条書き,制限あり","","","","","","","","","","","","","","","","","","","",""
"大町山岳博物館","[大町山岳博物館]","https://ja.wikipedia.org/wiki/大町山岳博物館","Category_日本の動物園","https://ja.wikipedia.org/wiki/Category:日本の動物園","箇条書き,制限あり","","","","","","","","","","","","","","","","","","","",""
"大牟田市動物園","[大牟田市動物園]","https://ja.wikipedia.org/wiki/大牟田市動物園","Category_日本の動物園","https://ja.wikipedia.org/wiki/Category:日本の動物園","箇条書き,制限あり","","","","","","","","","","","","","","","","","","","",""
"岡崎市東公園動物園","[岡崎市東公園動物園]","https://ja.wikipedia.org/wiki/岡崎市東公園動物園","Category_日本の動物園","https://ja.wikipedia.org/wiki/Category:日本の動物園","箇条書き,制限あり","","","","","","","","","","","","","","","","","","","",""
"岡山県自然保護センター","[岡山県自然保護センター]","https://ja.wikipedia.org/wiki/岡山県自然保護センター","Category_日本の動物園","https://ja.wikipedia.org/wiki/Category:日本の動物園","箇条書き,制限あり","","","","","","","","","","","","","","","","","","","",""
"沖縄こどもの国","[沖縄こどもの国]","https://ja.wikipedia.org/wiki/沖縄こどもの国","Category_日本の動物園","https://ja.wikipedia.org/wiki/Category:日本の動物園","箇条書き,制限あり","","","","","","","","","","","","","","","","","","","",""
"奥飛騨クマ牧場","[奥飛騨クマ牧場]","https://ja.wikipedia.org/wiki/奥飛騨クマ牧場","Category_日本の動物園","https://ja.wikipedia.org/wiki/Category:日本の動物園","箇条書き,制限あり","","","","","","","","","","","","","","","","","","","",""
"長尾鶏センター","[長尾鶏センター]","https://ja.wikipedia.org/wiki/長尾鶏センター","Category_日本の動物園","https://ja.wikipedia.org/wiki/Category:日本の動物園","箇条書き,制限あり","","","","","","","","","","","","","","","","","","","",""
"おびひろ動物園","[おびひろ動物園]","https://ja.wikipedia.org/wiki/おびひろ動物園","Category_日本の動物園","https://ja.wikipedia.org/wiki/Category:日本の動物園","箇条書き,制限あり","","","","","","","","","","","","","","","","","","","",""
"オホーツクとっかりセンター","[オホーツクとっかりセンター]","https://ja.wikipedia.org/wiki/オホーツクとっかりセンター","Category_日本の動物園","https://ja.wikipedia.org/wiki/Category:日本の動物園","箇条書き,制限あり","","","","","","","","","","","","","","","","","","","",""
"恩賜上野動物園","[恩賜上野動物園]","https://ja.wikipedia.org/wiki/恩賜上野動物園","Category_日本の動物園","https://ja.wikipedia.org/wiki/Category:日本の動物園","箇条書き,制限あり","","","","","","","","","","","","","","","","","","","",""
"鹿児島市平川動物公園","[鹿児島市平川動物公園]","https://ja.wikipedia.org/wiki/鹿児島市平川動物公園","Category_日本の動物園","https://ja.wikipedia.org/wiki/Category:日本の動物園","箇条書き,制限あり","","","","","","","","","","","","","","","","","","","",""
"河北町児童動物園","[河北町児童動物園]","https://ja.wikipedia.org/wiki/河北町児童動物園","Category_日本の動物園","https://ja.wikipedia.org/wiki/Category:日本の動物園","箇条書き,制限あり","","","","","","","","","","","","","","","","","","","",""
"臥竜公園","[臥竜公園]","https://ja.wikipedia.org/wiki/臥竜公園","Category_日本の動物園","https://ja.wikipedia.org/wiki/Category:日本の動物園","箇条書き,制限あり","","","","","","","","","","","","","","","","","","","",""
"北きつね牧場","[北きつね牧場]","https://ja.wikipedia.org/wiki/北きつね牧場","Category_日本の動物園","https://ja.wikipedia.org/wiki/Category:日本の動物園","箇条書き,制限あり","","","","","","","","","","","","","","","","","","","",""
"きびじつるの里","[きびじつるの里]","https://ja.wikipedia.org/wiki/きびじつるの里","Category_日本の動物園","https://ja.wikipedia.org/wiki/Category:日本の動物園","箇条書き,制限あり","","","","","","","","","","","","","","","","","","","",""
"キャンベルタウン野鳥の森","[キャンベルタウン野鳥の森]","https://ja.wikipedia.org/wiki/キャンベルタウン野鳥の森","Category_日本の動物園","https://ja.wikipedia.org/wiki/Category:日本の動物園","箇条書き,制限あり","","","","","","","","","","","","","","","","","","","",""
"九州自然動物公園アフリカンサファリ","[九州自然動物公園アフリカンサファリ]","https://ja.wikipedia.org/wiki/九州自然動物公園アフリカンサファリ","Category_日本の動物園","https://ja.wikipedia.org/wiki/Category:日本の動物園","箇条書き,制限あり","","","","","","","","","","","","","","","","","","","",""
"京都市動物園","[京都市動物園]","https://ja.wikipedia.org/wiki/京都市動物園","Category_日本の動物園","https://ja.wikipedia.org/wiki/Category:日本の動物園","箇条書き,制限あり","","","","","","","","","","","","","","","","","","","",""
"桐生が岡動物園","[桐生が岡動物園]","https://ja.wikipedia.org/wiki/桐生が岡動物園","Category_日本の動物園","https://ja.wikipedia.org/wiki/Category:日本の動物園","箇条書き,制限あり","","","","","","","","","","","","","","","","","","","",""
"金華山リス村","[金華山リス村]","https://ja.wikipedia.org/wiki/金華山リス村","Category_日本の動物園","https://ja.wikipedia.org/wiki/Category:日本の動物園","箇条書き,制限あり","","","","","","","","","","","","","","","","","","","",""
"草津熱帯圏","[草津熱帯圏]","https://ja.wikipedia.org/wiki/草津熱帯圏","Category_日本の動物園","https://ja.wikipedia.org/wiki/Category:日本の動物園","箇条書き,制限あり","","","","","","","","","","","","","","","","","","","",""
"釧路市動物園","[釧路市動物園]","https://ja.wikipedia.org/wiki/釧路市動物園","Category_日本の動物園","https://ja.wikipedia.org/wiki/Category:日本の動物園","箇条書き,制限あり","","","","","","","","","","","","","","","","","","","",""
"クマ牧場","[クマ牧場]","https://ja.wikipedia.org/wiki/クマ牧場","Category_日本の動物園","https://ja.wikipedia.org/wiki/Category:日本の動物園","箇条書き,制限あり","","","","","","","","","","","","","","","","","","","",""
"熊本市動植物園","[熊本市動植物園]","https://ja.wikipedia.org/wiki/熊本市動植物園","Category_日本の動物園","https://ja.wikipedia.org/wiki/Category:日本の動物園","箇条書き,制限あり","","","","","","","","","","","","","","","","","","","",""
"鞍ケ池公園","[鞍ケ池公園]","https://ja.wikipedia.org/wiki/鞍ケ池公園","Category_日本の動物園","https://ja.wikipedia.org/wiki/Category:日本の動物園","箇条書き,制限あり","","","","","","","","","","","","","","","","","","","",""
"グリーンパーク・響灘緑地","[グリーンパーク・響灘緑地]","https://ja.wikipedia.org/wiki/グリーンパーク・響灘緑地","Category_日本の動物園","https://ja.wikipedia.org/wiki/Category:日本の動物園","箇条書き,制限あり","","","","","","","","","","","","","","","","","","","",""
"久留米市鳥類センター","[久留米市鳥類センター]","https://ja.wikipedia.org/wiki/久留米市鳥類センター","Category_日本の動物園","https://ja.wikipedia.org/wiki/Category:日本の動物園","箇条書き,制限あり","","","","","","","","","","","","","","","","","","","",""
"高知県立のいち動物公園","[高知県立のいち動物公園]","https://ja.wikipedia.org/wiki/高知県立のいち動物公園","Category_日本の動物園","https://ja.wikipedia.org/wiki/Category:日本の動物園","箇条書き,制限あり","","","","","","","","","","","","","","","","","","","",""
"甲府市遊亀公園附属動物園","[甲府市遊亀公園附属動物園]","https://ja.wikipedia.org/wiki/甲府市遊亀公園附属動物園","Category_日本の動物園","https://ja.wikipedia.org/wiki/Category:日本の動物園","箇条書き,制限あり","","","","","","","","","","","","","","","","","","","",""
"神戸市立王子動物園","[神戸市立王子動物園]","https://ja.wikipedia.org/wiki/神戸市立王子動物園","Category_日本の動物園","https://ja.wikipedia.org/wiki/Category:日本の動物園","箇条書き,制限あり","","","","","","","","","","","","","","","","","","","",""
"神戸どうぶつ王国","[神戸どうぶつ王国]","https://ja.wikipedia.org/wiki/神戸どうぶつ王国","Category_日本の動物園","https://ja.wikipedia.org/wiki/Category:日本の動物園","箇条書き,制限あり","","","","","","","","","","","","","","","","","","","",""
"五桂池ふるさと村","[五桂池ふるさと村]","https://ja.wikipedia.org/wiki/五桂池ふるさと村","Category_日本の動物園","https://ja.wikipedia.org/wiki/Category:日本の動物園","箇条書き,制限あり","","","","","","","","","","","","","","","","","","","",""
"こもれび森のイバライド","[こもれび森のイバライド]","https://ja.wikipedia.org/wiki/こもれび森のイバライド","Category_日本の動物園","https://ja.wikipedia.org/wiki/Category:日本の動物園","箇条書き,制限あり","","","","","","","","","","","","","","","","","","","",""
"小諸市動物園","[小諸市動物園]","https://ja.wikipedia.org/wiki/小諸市動物園","Category_日本の動物園","https://ja.wikipedia.org/wiki/Category:日本の動物園","箇条書き,制限あり","","","","","","","","","","","","","","","","","","","",""
"西海国立公園九十九島動植物園","[西海国立公園九十九島動植物園]","https://ja.wikipedia.org/wiki/西海国立公園九十九島動植物園","Category_日本の動物園","https://ja.wikipedia.org/wiki/Category:日本の動物園","箇条書き,制限あり","","","","","","","","","","","","","","","","","","","",""
"埼玉県公園緑地協会","[埼玉県公園緑地協会]","https://ja.wikipedia.org/wiki/埼玉県公園緑地協会","Category_日本の動物園","https://ja.wikipedia.org/wiki/Category:日本の動物園","箇条書き,制限あり","","","","","","","","","","","","","","","","","","","",""
"埼玉県こども動物自然公園","[埼玉県こども動物自然公園]","https://ja.wikipedia.org/wiki/埼玉県こども動物自然公園","Category_日本の動物園","https://ja.wikipedia.org/wiki/Category:日本の動物園","箇条書き,制限あり","","","","","","","","","","","","","","","","","","","",""
"札幌市円山動物園","[札幌市円山動物園]","https://ja.wikipedia.org/wiki/札幌市円山動物園","Category_日本の動物園","https://ja.wikipedia.org/wiki/Category:日本の動物園","箇条書き,制限あり","","","","","","","","","","","","","","","","","","","",""
"鯖江市西山動物園","[鯖江市西山動物園]","https://ja.wikipedia.org/wiki/鯖江市西山動物園","Category_日本の動物園","https://ja.wikipedia.org/wiki/Category:日本の動物園","箇条書き,制限あり","","","","","","","","","","","","","","","","","","","",""
"サホロリゾート ベア・マウンテン","[サホロリゾート ベア・マウンテン]","https://ja.wikipedia.org/wiki/サホロリゾート_ベア・マウンテン","Category_日本の動物園","https://ja.wikipedia.org/wiki/Category:日本の動物園","箇条書き,制限あり","","","","","","","","","","","","","","","","","","","",""
"狭山市立智光山公園こども動物園","[狭山市立智光山公園こども動物園]","https://ja.wikipedia.org/wiki/狭山市立智光山公園こども動物園","Category_日本の動物園","https://ja.wikipedia.org/wiki/Category:日本の動物園","箇条書き,制限あり","","","","","","","","","","","","","","","","","","","",""
"地獄谷野猿公苑","[地獄谷野猿公苑]","https://ja.wikipedia.org/wiki/地獄谷野猿公苑","Category_日本の動物園","https://ja.wikipedia.org/wiki/Category:日本の動物園","箇条書き,制限あり","","","","","","","","","","","","","","","","","","","",""
"渋川動物公園","[渋川動物公園]","https://ja.wikipedia.org/wiki/渋川動物公園","Category_日本の動物園","https://ja.wikipedia.org/wiki/Category:日本の動物園","箇条書き,制限あり","","","","","","","","","","","","","","","","","","","",""
"ジャパンスネークセンター","[ジャパンスネークセンター]","https://ja.wikipedia.org/wiki/ジャパンスネークセンター","Category_日本の動物園","https://ja.wikipedia.org/wiki/Category:日本の動物園","箇条書き,制限あり","","","","","","","","","","","","","","","","","","","",""
"周南市徳山動物園","[周南市徳山動物園]","https://ja.wikipedia.org/wiki/周南市徳山動物園","Category_日本の動物園","https://ja.wikipedia.org/wiki/Category:日本の動物園","箇条書き,制限あり","","","","","","","","","","","","","","","","","","","",""
"昭和新山熊牧場","[昭和新山熊牧場]","https://ja.wikipedia.org/wiki/昭和新山熊牧場","Category_日本の動物園","https://ja.wikipedia.org/wiki/Category:日本の動物園","箇条書き,制限あり","","","","","","","","","","","","","","","","","","","",""
"しろとり動物園","[しろとり動物園]","https://ja.wikipedia.org/wiki/しろとり動物園","Category_日本の動物園","https://ja.wikipedia.org/wiki/Category:日本の動物園","箇条書き,制限あり","","","","","","","","","","","","","","","","","","","",""
"ズーラシア","[ズーラシア]","https://ja.wikipedia.org/wiki/ズーラシア","Category_日本の動物園","https://ja.wikipedia.org/wiki/Category:日本の動物園","箇条書き,制限あり","","","","","","","","","","","","","","","","","","","",""
"須坂市動物園","[須坂市動物園]","https://ja.wikipedia.org/wiki/須坂市動物園","Category_日本の動物園","https://ja.wikipedia.org/wiki/Category:日本の動物園","箇条書き,制限あり","","","","","","","","","","","","","","","","","","","",""
"生態科学研究機構","[生態科学研究機構]","https://ja.wikipedia.org/wiki/生態科学研究機構","Category_日本の動物園","https://ja.wikipedia.org/wiki/Category:日本の動物園","箇条書き,制限あり","","","","","","","","","","","","","","","","","","","",""
"仙台市八木山動物公園","[仙台市八木山動物公園]","https://ja.wikipedia.org/wiki/仙台市八木山動物公園","Category_日本の動物園","https://ja.wikipedia.org/wiki/Category:日本の動物園","箇条書き,制限あり","","","","","","","","","","","","","","","","","","","",""
"たいよう (キリン)","[たいよう (キリン)]","https://ja.wikipedia.org/wiki/たいよう_(キリン)","Category_日本の動物園","https://ja.wikipedia.org/wiki/Category:日本の動物園","箇条書き,制限あり","","","","","","","","","","","","","","","","","","","",""
"高岡古城公園動物園","[高岡古城公園動物園]","https://ja.wikipedia.org/wiki/高岡古城公園動物園","Category_日本の動物園","https://ja.wikipedia.org/wiki/Category:日本の動物園","箇条書き,制限あり","","","","","","","","","","","","","","","","","","","",""
"高宕山自然動物園","[高宕山自然動物園]","https://ja.wikipedia.org/wiki/高宕山自然動物園","Category_日本の動物園","https://ja.wikipedia.org/wiki/Category:日本の動物園","箇条書き,制限あり","","","","","","","","","","","","","","","","","","","",""
"高崎山自然動物園","[高崎山自然動物園]","https://ja.wikipedia.org/wiki/高崎山自然動物園","Category_日本の動物園","https://ja.wikipedia.org/wiki/Category:日本の動物園","箇条書き,制限あり","","","","","","","","","","","","","","","","","","","",""
"ダチョウ王国","[ダチョウ王国]","https://ja.wikipedia.org/wiki/ダチョウ王国","Category_日本の動物園","https://ja.wikipedia.org/wiki/Category:日本の動物園","箇条書き,制限あり","","","","","","","","","","","","","","","","","","","",""
"ダチョウらんど","[ダチョウらんど]","https://ja.wikipedia.org/wiki/ダチョウらんど","Category_日本の動物園","https://ja.wikipedia.org/wiki/Category:日本の動物園","箇条書き,制限あり","","","","","","","","","","","","","","","","","","","",""
"多摩動物公園","[多摩動物公園]","https://ja.wikipedia.org/wiki/多摩動物公園","Category_日本の動物園","https://ja.wikipedia.org/wiki/Category:日本の動物園","箇条書き,制限あり","","","","","","","","","","","","","","","","","","","",""
"丹頂鶴自然公園 (鶴田町)","[丹頂鶴自然公園 (鶴田町)]","https://ja.wikipedia.org/wiki/丹頂鶴自然公園_(鶴田町)","Category_日本の動物園","https://ja.wikipedia.org/wiki/Category:日本の動物園","箇条書き,制限あり","","","","","","","","","","","","","","","","","","","",""
"智光山公園こども動物園","[智光山公園こども動物園]","https://ja.wikipedia.org/wiki/智光山公園こども動物園","Category_日本の動物園","https://ja.wikipedia.org/wiki/Category:日本の動物園","箇条書き,制限あり","","","","","","","","","","","","","","","","","","","",""
"千葉市動物公園","[千葉市動物公園]","https://ja.wikipedia.org/wiki/千葉市動物公園","Category_日本の動物園","https://ja.wikipedia.org/wiki/Category:日本の動物園","箇条書き,制限あり","","","","","","","","","","","","","","","","","","","",""
"銚子渓","[銚子渓]","https://ja.wikipedia.org/wiki/銚子渓","Category_日本の動物園","https://ja.wikipedia.org/wiki/Category:日本の動物園","箇条書き,制限あり","","","","","","","","","","","","","","","","","","","",""
"東京ドイツ村","[東京ドイツ村]","https://ja.wikipedia.org/wiki/東京ドイツ村","Category_日本の動物園","https://ja.wikipedia.org/wiki/Category:日本の動物園","箇条書き,制限あり","","","","","","","","","","","","","","","","","","","",""
"東京動物園協会","[東京動物園協会]","https://ja.wikipedia.org/wiki/東京動物園協会","Category_日本の動物園","https://ja.wikipedia.org/wiki/Category:日本の動物園","箇条書き,制限あり","","","","","","","","","","","","","","","","","","","",""
"東武動物公園","[東武動物公園]","https://ja.wikipedia.org/wiki/東武動物公園","Category_日本の動物園","https://ja.wikipedia.org/wiki/Category:日本の動物園","箇条書き,制限あり","","","","","","","","","","","","","","","","","","","",""
"常盤公園 (宇部市)","[常盤公園 (宇部市)]","https://ja.wikipedia.org/wiki/常盤公園_(宇部市)","Category_日本の動物園","https://ja.wikipedia.org/wiki/Category:日本の動物園","箇条書き,制限あり","","","","","","","","","","","","","","","","","","","",""
"徳島市総合動植物公園","[徳島市総合動植物公園]","https://ja.wikipedia.org/wiki/徳島市総合動植物公園","Category_日本の動物園","https://ja.wikipedia.org/wiki/Category:日本の動物園","箇条書き,制限あり","","","","","","","","","","","","","","","","","","","",""
"とくしま動物園","[とくしま動物園]","https://ja.wikipedia.org/wiki/とくしま動物園","Category_日本の動物園","https://ja.wikipedia.org/wiki/Category:日本の動物園","箇条書き,制限あり","","","","","","","","","","","","","","","","","","","",""
"富山市ファミリーパーク","[富山市ファミリーパーク]","https://ja.wikipedia.org/wiki/富山市ファミリーパーク","Category_日本の動物園","https://ja.wikipedia.org/wiki/Category:日本の動物園","箇条書き,制限あり","","","","","","","","","","","","","","","","","","","",""
"豊橋総合動植物公園","[豊橋総合動植物公園]","https://ja.wikipedia.org/wiki/豊橋総合動植物公園","Category_日本の動物園","https://ja.wikipedia.org/wiki/Category:日本の動物園","箇条書き,制限あり","","","","","","","","","","","","","","","","","","","",""
"長崎バイオパーク","[長崎バイオパーク]","https://ja.wikipedia.org/wiki/長崎バイオパーク","Category_日本の動物園","https://ja.wikipedia.org/wiki/Category:日本の動物園","箇条書き,制限あり","","","","","","","","","","","","","","","","","","","",""
"流しカワウソ","[流しカワウソ]","https://ja.wikipedia.org/wiki/流しカワウソ","Category_日本の動物園","https://ja.wikipedia.org/wiki/Category:日本の動物園","箇条書き,制限あり","","","","","","","","","","","","","","","","","","","",""
"長野市城山動物園","[長野市城山動物園]","https://ja.wikipedia.org/wiki/長野市城山動物園","Category_日本の動物園","https://ja.wikipedia.org/wiki/Category:日本の動物園","箇条書き,制限あり","","","","","","","","","","","","","","","","","","","",""
