"タイトル","コメント","URL","親リストタイトル","親リストURL","一覧抽出方法","座標","所在地","位置","落差","水系","滝幅","Hidden","Hidden","Hidden","Hidden","Hidden","Hidden","Hidden","Hidden","Hidden","Hidden","Hidden","Hidden","Hidden","Hidden"
"羽衣の滝","[1羽衣の滝北海道東川町] 羽衣の滝 （はごろものたき）は、 北海道 上川郡 東川町 にある 忠別川 の支流アイシポップ沢と双見沢にかかる 滝 で、7段の滝の途中で2つの沢が合流している。 1951年 (昭和26年)2月6日北海道指定 名勝 として文化財に指定  。 1991年 （平成3年）「 日本の滝百選 」に選定された   。落差270メートル、標高1000メートル、段瀑  。","https://ja.wikipedia.org/wiki/羽衣の滝","日本の滝百選","https://ja.wikipedia.org/wiki/日本の滝百選","表形式","北緯43度37分34.81秒東経142度47分12.52秒","北海道東川町","北緯43度37分34.81秒東経142度47分12.52秒﻿ / ﻿北緯43.6263361度 東経142.7868111度﻿ /43.6263361; 142.7868111","270m","石狩川水系忠別川","","","","","","","","","","","","","","",""
"インクラの滝","[2インクラの滝白老町] インクラの滝 （インクラのたき）とは、 北海道 白老町 にある 滝 である。 1991年 （平成3年）「 日本の滝百選 」に選定された。 ","https://ja.wikipedia.org/wiki/インクラの滝","日本の滝百選","https://ja.wikipedia.org/wiki/日本の滝百選","表形式","北緯42度38分16.18秒東経141度20分10.99秒","北海道白老郡白老町","北緯42度38分16.18秒東経141度20分10.99秒﻿ / ﻿北緯42.6378278度 東経141.3363861度﻿ /42.6378278; 141.3363861","44m","別々川支流 西別々川","10m","","","","","","","","","","","","","",""
"\"飛竜\"賀老の滝","[3\"飛竜\"賀老の滝島牧村] 賀老の滝 （がろうのたき）は、日本の 滝 。","https://ja.wikipedia.org/wiki/賀老の滝","日本の滝百選","https://ja.wikipedia.org/wiki/日本の滝百選","表形式","北緯42度35分49.8秒東経139度59分46.1秒","北海道島牧郡島牧村賀老","北緯42度35分49.8秒東経139度59分46.1秒﻿ / ﻿北緯42.597167度 東経139.996139度﻿ /42.597167; 139.996139","70m","千走川","35m","","","","","","","","","","","","","",""
"流星・銀河の滝","[4流星・銀河の滝上川町] 石狩川左岸の断崖に並んでかかる2本の滝。流星の滝は落差90メートル、標高1000メートル、直瀑  。銀河の滝は落差104メートル、分岐瀑  。流星の滝は高さのある急涯を太い1本の線となって流れ落ちる力強さから 雄滝 とも呼ばれ、銀河の滝は末広がりになって白糸を垂らしたような流身を持つ優雅さから 雌滝 と呼ばれている  。この2つの滝が仲良く寄り添って落ちている事から、 夫婦滝 の別名もある  。この2つの滝は「流星・銀河の滝」として 日本の滝百選 にも選定されている。 国道39号 銀河トンネル入口横から旧道に入ったところに駐車場が整備されており、2つの滝を間近に眺めることができる。また、駐車場から背後の斜面を20分ほど登ったところには「双瀑台」の展望台があり、流れ落ちる2つの滝を同時に眺めることができる  。層雲峡にはこの他にも、白蛇の滝、岩間の滝等大小様々な滝がある。","https://ja.wikipedia.org/wiki/流星・銀河の滝","日本の滝百選","https://ja.wikipedia.org/wiki/日本の滝百選","表形式","北緯43度43分8.6秒東経142度58分37.8秒","北海道上川町","北緯43度43分8.6秒東経142度58分37.8秒﻿ / ﻿北緯43.719056度 東経142.977167度﻿ /43.719056; 142.977167座標:北緯43度43分8.6秒東経142度58分37.8秒﻿ / ﻿北緯43.719056度 東経142.977167度﻿ /43.719056; 142.977167","90(流星)、104(銀河)m","石狩川水系雄滝の沢(流星)、雌滝の沢(銀河)","","","","","","","","","","","","","","",""
"アシリベツの滝","[5アシリベツの滝札幌市南区] アシリベツの滝 （アシリベツのたき）は、 札幌市 南区 の 厚別川 上流にある 滝 。落差は26m。 日本の滝百選 の一つ。名称は、 アイヌ語 の アシリベツ (新しい川)に由来。アシリベツは厚別の地名語源でもある。","https://ja.wikipedia.org/wiki/アシリベツの滝","日本の滝百選","https://ja.wikipedia.org/wiki/日本の滝百選","表形式","北緯42度55分1.25秒東経141度22分20.60秒","北海道札幌市南区","北緯42度55分1.25秒東経141度22分20.60秒﻿ / ﻿北緯42.9170139度 東経141.3723889度﻿ /42.9170139; 141.3723889","26m","石狩川水系厚別川","","","","","","","","","","","","","","",""
"オシンコシンの滝","[6オシンコシンの滝斜里町] オシンコシンの滝 （オシンコシンのたき）とは、 北海道 斜里郡 斜里町 のチャラッセナイ川の河口付近にある 滝 。標高は70メートル。落差は50メートル。分岐瀑。 日本の滝百選 の一つ  。","https://ja.wikipedia.org/wiki/オシンコシンの滝","日本の滝百選","https://ja.wikipedia.org/wiki/日本の滝百選","表形式","北緯44度2分16秒東経144度56分7秒","北海道斜里町","北緯44度2分16秒東経144度56分7秒﻿ / ﻿北緯44.03778度 東経144.93528度﻿ /44.03778; 144.93528","50m","チャラッセナイ川","30m","","","","","","","","","","","","","",""
"くろくまの滝","[7くろくまの滝青森県鯵ヶ沢町] くろくまの滝 （くろくまのたき）は 青森県 西津軽郡 鰺ヶ沢町 にある 滝 。 日本の滝百選 の1つ。","https://ja.wikipedia.org/wiki/くろくまの滝","日本の滝百選","https://ja.wikipedia.org/wiki/日本の滝百選","表形式","北緯40度37分46.2秒東経140度6分37.7秒","青森県西津軽郡鰺ヶ沢町一ツ森町","北緯40度37分46.2秒東経140度6分37.7秒﻿ / ﻿北緯40.629500度 東経140.110472度﻿ /40.629500; 140.110472座標:北緯40度37分46.2秒東経140度6分37.7秒﻿ / ﻿北緯40.629500度 東経140.110472度﻿ /40.629500; 140.110472","85m","赤石川水系","15m","","","","","","","","","","","","","",""
"松見の滝","[8松見の滝十和田市] 松見の滝 （まつみのたき）は 青森県 十和田市 にある 滝 。 奥入瀬川 の支流、黄瀬川の上流にあり、本流との合流点から約6.5kmの 国有林 内に位置する。 国道102号線 から徒歩で3時間ほど要し、積雪のため冬期は近づけない。 日本の滝百選 の一つ。","https://ja.wikipedia.org/wiki/松見の滝","日本の滝百選","https://ja.wikipedia.org/wiki/日本の滝百選","表形式","北緯40度33分30秒東経140度54分23秒","青森県十和田市奥瀬字黄瀬国有林内","北緯40度33分30秒東経140度54分23秒﻿ / ﻿北緯40.55833度 東経140.90639度﻿ /40.55833; 140.90639","90m","奥入瀬川水系","","","","","","","","","","","","","","",""
"不動の滝","[9不動の滝岩手県八幡平市] 不動の滝 （ふどうのたき）は、 岩手県 八幡平市 高畑にある滝で、 日本の滝百選 と岩手の名水二十選に選ばれている。","https://ja.wikipedia.org/wiki/不動の滝_(八幡平市)","日本の滝百選","https://ja.wikipedia.org/wiki/日本の滝百選","表形式","北緯40度3分52.1秒東経141度3分38.3秒","岩手県八幡平市高畑","北緯40度3分52.1秒東経141度3分38.3秒﻿ / ﻿北緯40.064472度 東経141.060639度﻿ /40.064472; 141.060639﻿ (不動の滝)座標:北緯40度3分52.1秒東経141度3分38.3秒﻿ / ﻿北緯40.064472度 東経141.060639度﻿ /40.064472; 141.060639﻿ (不動の滝)","15m","安比川水系・不動川","","","","","","","","","","","","","","",""
"秋保大滝","[10秋保大滝宮城県仙台市太白区] 秋保大滝 （あきうおおたき）は、 宮城県 仙台市 太白区 秋保町 にある 滝 。 蔵王国定公園 および 県立自然公園 二口峡谷 の地域内を流れる 名取川 上流部において、落差55 m 、幅6mで流れ落ちる。","https://ja.wikipedia.org/wiki/秋保大滝","日本の滝百選","https://ja.wikipedia.org/wiki/日本の滝百選","表形式","北緯38度16分29.7秒東経140度36分10.5秒","宮城県仙台市太白区秋保町馬場字大滝","北緯38度16分29.7秒東経140度36分10.5秒﻿ / ﻿北緯38.274917度 東経140.602917度﻿ /38.274917; 140.602917座標:北緯38度16分29.7秒東経140度36分10.5秒﻿ / ﻿北緯38.274917度 東経140.602917度﻿ /38.274917; 140.602917","55m","名取川","6m","","","","","","","","","","","","","",""
"三階の滝","[11三階の滝蔵王町] 三階の滝 （さんかいのたき、三階滝とも）は 宮城県 刈田郡 蔵王町 にある 滝 。落差181mを三段に落ちる壮大な 段瀑 は東北屈指であり、 日本の滝百選 の一つ。","https://ja.wikipedia.org/wiki/三階の滝","日本の滝百選","https://ja.wikipedia.org/wiki/日本の滝百選","表形式","北緯38度7分54.1秒東経140度31分20秒","宮城県蔵王町","北緯38度7分54.1秒東経140度31分20秒﻿ / ﻿北緯38.131694度 東経140.52222度﻿ /38.131694; 140.52222座標:北緯38度7分54.1秒東経140度31分20秒﻿ / ﻿北緯38.131694度 東経140.52222度﻿ /38.131694; 140.52222","181m","澄川","7m","","","","","","","","","","","","","",""
"七滝","[12七滝秋田県小坂町] 七滝 （ななたき）は 秋田県 鹿角郡 小坂町 にある 滝 。日本の滝百選の一つである。","https://ja.wikipedia.org/wiki/七滝","日本の滝百選","https://ja.wikipedia.org/wiki/日本の滝百選","表形式","北緯40度21分22秒東経140度47分1秒","秋田県鹿角郡小坂町上向字藤原","北緯40度21分22秒東経140度47分1秒﻿ / ﻿北緯40.35611度 東経140.78361度﻿ /40.35611; 140.78361座標:北緯40度21分22秒東経140度47分1秒﻿ / ﻿北緯40.35611度 東経140.78361度﻿ /40.35611; 140.78361","60m","米代川水系荒川川","","","","","","","","","","","","","","",""
"茶釜の滝","[13茶釜の滝鹿角市] 茶釜の滝 （ちゃがまのたき）は 秋田県 鹿角市 八幡平地区にある 滝 である。","https://ja.wikipedia.org/wiki/茶釜の滝","日本の滝百選","https://ja.wikipedia.org/wiki/日本の滝百選","表形式","北緯40度0分40秒東経140度44分27秒","秋田県鹿角市八幡平地区","北緯40度0分40秒東経140度44分27秒﻿ / ﻿北緯40.01111度 東経140.74083度﻿ /40.01111; 140.74083","100m","米代川水系夜明島川","","","","","","","","","","","","","","",""
"法体の滝","[14法体の滝由利本荘市] 法体の滝 （ほったいのたき）は、 秋田県 由利本荘市 に位置する 滝 。 子吉川 の上流である赤沢川にある。法体の滝と 甌穴 は、 1960年 12月17日 に県の 名勝 および 天然記念物 の第1号に指定されている。 日本の滝百選 の一つ。","https://ja.wikipedia.org/wiki/法体の滝","日本の滝百選","https://ja.wikipedia.org/wiki/日本の滝百選","表形式","北緯39度6分28.5秒東経140度9分33.6秒","秋田県由利本荘市鳥海町百宅","北緯39度6分28.5秒東経140度9分33.6秒﻿ / ﻿北緯39.107917度 東経140.159333度﻿ /39.107917; 140.159333座標:北緯39度6分28.5秒東経140度9分33.6秒﻿ / ﻿北緯39.107917度 東経140.159333度﻿ /39.107917; 140.159333","57.4m","子吉川水系赤沢川","3-30m","","","","","","","","","","","","","",""
"安の滝","[15安の滝北秋田市] 安の滝 （やすのたき）は、 秋田県 北秋田市 阿仁打当の中ノ又渓谷奥部に存在する落差約90メートルの 滝 。","https://ja.wikipedia.org/wiki/安の滝","日本の滝百選","https://ja.wikipedia.org/wiki/日本の滝百選","表形式","北緯39度56分38.8秒東経140度36分50.1秒","秋田県北秋田市阿仁打当","北緯39度56分38.8秒東経140度36分50.1秒﻿ / ﻿北緯39.944111度 東経140.613917度﻿ /39.944111; 140.613917座標:北緯39度56分38.8秒東経140度36分50.1秒﻿ / ﻿北緯39.944111度 東経140.613917度﻿ /39.944111; 140.613917","90m","米代川水系中ノ又沢","","","","","","","","","","","","","","",""
"滑川大滝","[16滑川大滝山形県米沢市] 滑川大滝 （なめがわおおたき）は 山形県 米沢市 にある 滝 。 日本の滝百選 の一つ。 落差80m、幅40mと、東北地方でも最大クラスの滝。 阿武隈川 の支流・ 松川 の上流、 標高 860m付近に位置する。 地質 は 流紋岩 層で、付近には潜滝などいくつかの滝がある。 展望台から向かって滝の右上方向に、布引の滝と呼ばれる滝が現れることがあるが、雪解け時等の水量の多い時にしか見られない。","https://ja.wikipedia.org/wiki/滑川大滝","日本の滝百選","https://ja.wikipedia.org/wiki/日本の滝百選","表形式","北緯37度46分58秒東経140度13分42秒","山形県米沢市大字大沢","北緯37度46分58秒東経140度13分42秒﻿ / ﻿北緯37.78278度 東経140.22833度﻿ /37.78278; 140.22833","80m","阿武隈川水系松川","40m","","","","","","","","","","","","","",""
"白糸の滝","[17白糸の滝戸沢村] 白糸の滝 （しらいとのたき）は 山形県 最上郡 戸沢村 にある 滝 。 日本の滝百選 の一つ。","https://ja.wikipedia.org/wiki/白糸の滝_(山形県)","日本の滝百選","https://ja.wikipedia.org/wiki/日本の滝百選","表形式","北緯38度46分2.84秒東経140度3分24.95秒","山形県最上郡戸沢村古口","北緯38度46分2.84秒東経140度3分24.95秒﻿ / ﻿北緯38.7674556度 東経140.0569306度﻿ /38.7674556; 140.0569306","120m","最上川水系","","","","","","","","","","","","","","",""
"七ツ滝","[18七ツ滝鶴岡市] 七ツ滝 （ななつたき）は、 山形県 鶴岡市 にある 滝 。 梵字川 の 支流 である田麦川にあり、 月山ダム のやや上流に位置する。 日本の滝百選 の一つ。","https://ja.wikipedia.org/wiki/七ツ滝","日本の滝百選","https://ja.wikipedia.org/wiki/日本の滝百選","表形式","北緯38度33分48.10秒東経139度55分16.47秒","山形県鶴岡市大字田麦俣字七ツ滝","北緯38度33分48.10秒東経139度55分16.47秒﻿ / ﻿北緯38.5633611度 東経139.9212417度﻿ /38.5633611; 139.9212417","90m","赤川水系","","","","","","","","","","","","","","",""
"乙字ケ滝","[19乙字ケ滝福島県須賀川市] 乙字ケ滝 （おつじがたき）は、 福島県 須賀川市 と 石川郡 玉川村 の間を流れる 阿武隈川 にかかる 滝 。 日本の滝百選 の一つにも選ばれている。","https://ja.wikipedia.org/wiki/乙字ケ滝","日本の滝百選","https://ja.wikipedia.org/wiki/日本の滝百選","表形式","北緯37度14分52秒東経140度23分30秒","福島県須賀川市","北緯37度14分52秒東経140度23分30秒﻿ / ﻿北緯37.24778度 東経140.39167度﻿ /37.24778; 140.39167","6m","阿武隈川","100m","","","","","","","","","","","","","",""
"三条の滝","[20三条の滝檜枝岐村] 三条の滝 （さんじょうのたき）とは、 尾瀬 を源流とし、尾瀬ヶ原から流れ落ちる 只見川 の上流にある 滝 である。","https://ja.wikipedia.org/wiki/三条の滝","日本の滝百選","https://ja.wikipedia.org/wiki/日本の滝百選","表形式","北緯36度57分55.92秒東経139度15分0.31秒","日本福島県南会津郡檜枝岐村字燧ケ岳","北緯36度57分55.92秒東経139度15分0.31秒﻿ / ﻿北緯36.9655333度 東経139.2500861度﻿ /36.9655333; 139.2500861座標:北緯36度57分55.92秒東経139度15分0.31秒﻿ / ﻿北緯36.9655333度 東経139.2500861度﻿ /36.9655333; 139.2500861","100m","阿賀野川水系只見川","20-30m","","","","","","","","","","","","","",""
"銚子ケ滝","[21銚子ケ滝郡山市] 銚子ケ滝 （ちょうしがたき）は、 福島県 郡山市 熱海町 石筵の 安達太良山 麓にある 滝 。 日本の滝百選 の一つ。","https://ja.wikipedia.org/wiki/銚子ケ滝","日本の滝百選","https://ja.wikipedia.org/wiki/日本の滝百選","表形式","北緯37度35分01秒東経140度15分53秒","福島県郡山市熱海町","北緯37度35分01秒東経140度15分53秒﻿ / ﻿北緯37.58361度 東経140.26472度﻿ /37.58361; 140.26472","48m","阿武隈川水系五百川の支流・石筵川","27m","","","","","","","","","","","","","",""
"袋田の滝","[22袋田の滝茨城県大子町] 袋田の滝 （ふくろだのたき）は、 茨城県 久慈郡 大子町 袋田にある 滝 。位置は、 久慈川 支流の滝川上流にあたり、長さ120メートル、幅73メートル   。冬は「氷瀑」と呼ばれる、滝が凍結する現象が発生することがある  。","https://ja.wikipedia.org/wiki/袋田の滝","日本の滝百選","https://ja.wikipedia.org/wiki/日本の滝百選","表形式","北緯36度45分51.1秒東経140度24分26.5秒","茨城県久慈郡大子町袋田","北緯36度45分51.1秒東経140度24分26.5秒﻿ / ﻿北緯36.764194度 東経140.407361度﻿ /36.764194; 140.407361","","久慈川水系滝川","73m","","","","","","","","","","","","","",""
"華厳滝","[23華厳滝栃木県日光市] 華厳滝 （けごんのたき、華厳の滝、華厳ノ滝）は、 栃木県 日光市 にある 滝 。発見者は 勝道 上人と伝えられ、 仏教 経典の1つである 華厳経 から名づけられたといわれる。 華厳渓谷 周辺では他に阿含滝、方等滝、般若滝、涅槃滝もあることから、 五時の教判 から、それらと同様に命名されたものと考えられている   。","https://ja.wikipedia.org/wiki/華厳滝","日本の滝百選","https://ja.wikipedia.org/wiki/日本の滝百選","表形式","北緯36度44分16.5秒東経139度30分07.1秒","栃木県日光市","北緯36度44分16.5秒東経139度30分07.1秒﻿ / ﻿北緯36.737917度 東経139.501972度﻿ /36.737917; 139.501972座標:北緯36度44分16.5秒東経139度30分07.1秒﻿ / ﻿北緯36.737917度 東経139.501972度﻿ /36.737917; 139.501972","97m","利根川水系大谷川","7m","","","","","","","","","","","","","",""
"霧降の滝","[24霧降の滝] 霧降ノ滝 （きりふりのたき）は 栃木県 日光市 の、 利根川 水系の板穴川の支流・霧降川にある 滝 。滝名の由来は、落下する間に水が飛び散って霧のようになる事とされる。 華厳滝 、 裏見滝 とともに 日光三名瀑 の一つ。また、 日本の滝百選 にも選ばれている。","https://ja.wikipedia.org/wiki/霧降の滝","日本の滝百選","https://ja.wikipedia.org/wiki/日本の滝百選","表形式","北緯36度46分49.19秒東経139度37分25.47秒","栃木県日光市所野","北緯36度46分49.19秒東経139度37分25.47秒﻿ / ﻿北緯36.7803306度 東経139.6237417度﻿ /36.7803306; 139.6237417","75m","利根川","3～15m","","","","","","","","","","","","","",""
"吹割の滝","[25吹割の滝群馬県沼田市] 吹割の滝 （ふきわれのたき）は、 群馬県 沼田市 にある 滝 。高さ7メートル、幅30メートル。奇岩が1.5キロメートルに渡って続く 片品渓谷 （吹割渓谷）にかかる。河床を割くように流れ、そこから 水しぶき が吹き上げる様子からこの名が付けられた。 2000年 の NHK 大河ドラマ 『 葵 徳川三代 』のオープニングにも登場した。 1936年 12月16日 に 旧文部省 より、 天然記念物 および 名勝 に指定されている（「 吹割渓ならびに吹割瀑 」）。","https://ja.wikipedia.org/wiki/吹割の滝","日本の滝百選","https://ja.wikipedia.org/wiki/日本の滝百選","表形式","北緯36度42分7.8秒東経139度12分26.7秒","日本群馬県沼田市利根町追貝","北緯36度42分7.8秒東経139度12分26.7秒﻿ / ﻿北緯36.702167度 東経139.207417度﻿ /36.702167; 139.207417","7m","利根川水系泙川","30m","","","","","","","","","","","","","",""
"常布の滝","[26常布の滝草津町] 常布の滝 （じょうふのたき）は、 群馬県 草津町 草津にある 滝 。 日本の滝百選 の一つに選ばれている。落差は40メートルあり、直瀑。岩肌が特徴的で、赤、黒等の色をした岩と緑の苔が独特の景観を作っている。滝左上部には浸食によって削られた穴があり、鍾乳石のようにつらら状に垂れ下がった岩が見られる。滝壺は大きくはないが、滝前はかなり広く開けている。新緑や紅葉の時期はなお一層映える景観となる。","https://ja.wikipedia.org/wiki/常布の滝","日本の滝百選","https://ja.wikipedia.org/wiki/日本の滝百選","表形式","北緯36度38分42秒東経138度33分48.8秒","群馬県草津町","北緯36度38分42秒東経138度33分48.8秒﻿ / ﻿北緯36.64500度 東経138.563556度﻿ /36.64500; 138.563556座標:北緯36度38分42秒東経138度33分48.8秒﻿ / ﻿北緯36.64500度 東経138.563556度﻿ /36.64500; 138.563556","40m","利根川水系湯川大沢川","","","","","","","","","","","","","","",""
"棚下の不動滝","[27棚下の不動滝渋川市] 棚下不動滝 （たなしたふどうたき、 棚下不動の滝 、 棚下の不動滝 、または単に 不動滝 ）は、 群馬県 渋川市 赤城町棚下にある 滝 。 日本の滝百選 の一つ。","https://ja.wikipedia.org/wiki/棚下の不動滝","日本の滝百選","https://ja.wikipedia.org/wiki/日本の滝百選","表形式","北緯36度34分17.9秒東経139度3分32.7秒","群馬県渋川市赤城町棚下","北緯36度34分17.9秒東経139度3分32.7秒﻿ / ﻿北緯36.571639度 東経139.059083度﻿ /36.571639; 139.059083座標:北緯36度34分17.9秒東経139度3分32.7秒﻿ / ﻿北緯36.571639度 東経139.059083度﻿ /36.571639; 139.059083","37m","利根川水系支流","2m","","","","","","","","","","","","","",""
"丸神の滝","[28丸神の滝埼玉県小鹿野町] 丸神の滝 （まるがみのたき）または 丸神の蒲 とは、 埼玉県 秩父郡 小鹿野町 にある 滝 。県内では唯一 日本の滝百選 に選ばれた滝である。","https://ja.wikipedia.org/wiki/丸神の滝","日本の滝百選","https://ja.wikipedia.org/wiki/日本の滝百選","表形式","北緯35度59分38.98秒東経138度52分55.53秒","埼玉県秩父郡小鹿野町両神小森","北緯35度59分38.98秒東経138度52分55.53秒﻿ / ﻿北緯35.9941611度 東経138.8820917度﻿ /35.9941611; 138.8820917","76m","小森川水系","","","","","","","","","","","","","","",""
"払沢の滝","[29払沢の滝東京都檜原村] 払沢の滝 （ほっさわのたき）は、 東京都 西多摩郡 檜原村 にある 滝 。 拂沢の滝 とも表記される。 日本の滝百選 の一つ。","https://ja.wikipedia.org/wiki/払沢の滝","日本の滝百選","https://ja.wikipedia.org/wiki/日本の滝百選","表形式","北緯35度43分38秒東経139度08分19秒","東京都西多摩郡檜原村","北緯35度43分38秒東経139度08分19秒﻿ / ﻿北緯35.72722度 東経139.13861度﻿ /35.72722; 139.13861","60m","多摩川水系北秋川","--m","","","","","","","","","","","","","",""
"早戸大滝","[30早戸大滝神奈川県相模原市緑区] 早戸大滝 （はやとおおたき）は、 丹沢大山国定公園 内、 神奈川県 相模原市 緑区 、 早戸川 源流部の大滝沢にある落差約50mの 滝 である。 日本の滝百選 に選ばれていることから名前はよく知られているが、一方で 幻の大滝 と呼ばれるように、滝までの行程が大変な為この滝を訪れる人は稀である。","https://ja.wikipedia.org/wiki/早戸大滝","日本の滝百選","https://ja.wikipedia.org/wiki/日本の滝百選","表形式","北緯35度29分16秒東経139度9分39秒","神奈川県相模原市緑区鳥屋","北緯35度29分16秒東経139度9分39秒﻿ / ﻿北緯35.48778度 東経139.16083度﻿ /35.48778; 139.16083","50m","相模川水系大滝沢","","","","","","","","","","","","","","",""
"洒水の滝","[31洒水の滝山北町] 洒水の滝 （しゃすいのたき）は、 神奈川県 足柄上郡 山北町 にある 二級河川 酒匂川 水系 滝沢川にある 滝 で、滝沢川とともに 洒水の滝・滝沢川 として 1985年 （昭和60年） 名水百選  に選ばれるとともに、洒水の滝は 日本の滝百選 ・「 かながわの景勝50選 」  ・「かながわ未来遺産100」にも選定されている。","https://ja.wikipedia.org/wiki/洒水の滝","日本の滝百選","https://ja.wikipedia.org/wiki/日本の滝百選","表形式","北緯35度21分8秒東経139度3分42秒","神奈川県足柄上郡山北町平山地内","北緯35度21分8秒東経139度3分42秒﻿ / ﻿北緯35.35222度 東経139.06167度﻿ /35.35222; 139.06167座標:北緯35度21分8秒東経139度3分42秒﻿ / ﻿北緯35.35222度 東経139.06167度﻿ /35.35222; 139.06167","69m","酒匂川水系滝沢川","--m","","","","","","","","","","","","","",""
"七ツ釜五段の滝","[32七ツ釜五段の滝山梨県山梨市] 西沢渓谷を渡る二俣吊橋から分岐して北上しているのが東沢である。吊橋の先が入渓点の入口で、路肩に「立入禁止」の警告が掲げられており、 沢登り の技術や経験のない一般のハイカーが入ると遭難の危険がある。基本的に道はなく、ほぼ遡行となる。入渓してしばらくは平坦な河原歩きが続く。 ゴルジュ 帯が見えたあたりから登山道があり、ゴルジュを高巻きできる。さらに進むと 田部重治 の著書『笛吹川を遡る』により紹介された ホラノ貝 （ 北緯35度52分26.1秒 東経138度43分53.0秒 ﻿ / ﻿ 北緯35.873917度 東経138.731389度 ﻿ / 35.873917; 138.731389 ﻿ ( ホラノ貝/地図 ) ）と呼ばれる 法螺貝 の内部に似た 螺旋 形状のゴルジュが見られる。再びゴルジュを高巻きし、「山の神」と呼ばれる祠を過ぎると再び河原に出る。ここから、スラブのナメと滝が続き、非常に美しい景観の渓谷となる。冬季に氷瀑となりクライマーに人気のある乙女の滝、東のナメ、西のナメを過ぎると分岐があり、左が金山沢、右が釜ノ沢である。釜の沢上流には、魚留の滝、千畳のナメ、両門ノ滝、ヤゲンの滝等が続く。さらに上流に遡行すると甲武信小屋へたどり着く。","https://ja.wikipedia.org/wiki/西沢渓谷と東沢渓谷","日本の滝百選","https://ja.wikipedia.org/wiki/日本の滝百選","表形式","北緯35度51分52.4秒 東経138度43分55.3秒","","","","","","","","","","","","","","","","","","",""
"北精進ケ滝","[33北精進ケ滝北杜市] 北精進ヶ滝 （きたしょうじがたき）は 山梨県 北杜市 の 南アルプス国立公園 にある 滝 。山を隔てた 南精進ヶ滝 と区別するために 北 精進ヶ滝と呼ばれるが、元来は 精進ヶ滝 といえば当滝を指した。 日本の滝百選 の一つ。","https://ja.wikipedia.org/wiki/北精進ケ滝","日本の滝百選","https://ja.wikipedia.org/wiki/日本の滝百選","表形式","北緯35度43分46.0秒東経138度19分32.0秒","山梨県北杜市武川町黒澤","北緯35度43分46.0秒東経138度19分32.0秒﻿ / ﻿北緯35.729444度 東経138.325556度﻿ /35.729444; 138.325556﻿ (北精進ケ滝)座標:北緯35度43分46.0秒東経138度19分32.0秒﻿ / ﻿北緯35.729444度 東経138.325556度﻿ /35.729444; 138.325556﻿ (北精進ケ滝)","121m","富士川水系石空川","35m","","","","","","","","","","","","","",""
"仙娥滝","[34仙娥滝甲府市] 仙娥滝 （せんがたき）は 山梨県 甲府市 の 昇仙峡 にある 滝 。 日本の滝百選 に選定されている。","https://ja.wikipedia.org/wiki/仙娥滝","日本の滝百選","https://ja.wikipedia.org/wiki/日本の滝百選","表形式","北緯35度44分58.23秒東経138度33分58.26秒","山梨県甲府市猪狩町","北緯35度44分58.23秒東経138度33分58.26秒﻿ / ﻿北緯35.7495083度 東経138.5661833度﻿ /35.7495083; 138.5661833","30m","富士川水系荒川","","","","","","","","","","","","","","",""
"鈴ヶ滝","[35鈴ヶ滝新潟県村上市] 鈴ヶ滝 （すずかたき）は 新潟県 下越 、 山形県 との県境付近にある 滝 である。 日本の滝百選 に数えられている。 三面川 の支流、 高根川 上流の鈴谷本流にかかる滝で、 朝日連峰 の西側に位置するが、 磐梯朝日国立公園 の指定区域にはぎりぎり含まれていない。","https://ja.wikipedia.org/wiki/鈴ヶ滝","日本の滝百選","https://ja.wikipedia.org/wiki/日本の滝百選","表形式","北緯38度20分38秒東経139度39分54.7秒","新潟県村上市","北緯38度20分38秒東経139度39分54.7秒﻿ / ﻿北緯38.34389度 東経139.665194度﻿ /38.34389; 139.665194座標:北緯38度20分38秒東経139度39分54.7秒﻿ / ﻿北緯38.34389度 東経139.665194度﻿ /38.34389; 139.665194","55m","三面川水系高根川","10m","","","","","","","","","","","","","",""
"苗名滝","[36苗名滝妙高市] 苗名滝 （なえなたき）は、 新潟県 と 長野県 の境にある滝で、新潟県 妙高市 側に駐車場やアクセスルートがある。 苗江滝 、 南井滝 、 地震滝 とも表記される。 関川 上流に位置し、4連の滝が連なっていて、二の滝、三の滝、四の滝へは通行困難である。 日本の滝百選 の一つ。","https://ja.wikipedia.org/wiki/苗名滝","日本の滝百選","https://ja.wikipedia.org/wiki/日本の滝百選","表形式","北緯36度50分43.9秒東経138度8分16.3秒","新潟県妙高市杉野沢","北緯36度50分43.9秒東経138度8分16.3秒﻿ / ﻿北緯36.845528度 東経138.137861度﻿ /36.845528; 138.137861座標:北緯36度50分43.9秒東経138度8分16.3秒﻿ / ﻿北緯36.845528度 東経138.137861度﻿ /36.845528; 138.137861","55m","関川","","","","","","","","","","","","","","",""
"惣滝","[37惣滝] 惣滝 （そうたき）は、 新潟県 妙高市 にある 滝 。 日本の滝百選 。","https://ja.wikipedia.org/wiki/惣滝","日本の滝百選","https://ja.wikipedia.org/wiki/日本の滝百選","表形式","北緯36度54分17.6秒東経138度08分13.7秒","新潟県妙高市（燕温泉）地先","北緯36度54分17.6秒東経138度08分13.7秒﻿ / ﻿北緯36.904889度 東経138.137139度﻿ /36.904889; 138.137139","80m","関川水系太田切川上流大倉沢","6m","","","","","","","","","","","","","",""
"称名滝","[38称名滝富山県立山町] 称名滝 （しょうみょうだき）は、 富山県 中新川郡 立山町 にある 立山連峰 を源流とする 滝 。 弥陀ヶ原 台地から一気に流れ落ち、 称名川 となった後に 常願寺川 へ注ぎ込む。","https://ja.wikipedia.org/wiki/称名滝","日本の滝百選","https://ja.wikipedia.org/wiki/日本の滝百選","表形式","北緯36度34分31秒東経137度31分24秒","富山県中新川郡立山町","北緯36度34分31秒東経137度31分24秒﻿ / ﻿北緯36.57528度 東経137.52333度﻿ /36.57528; 137.52333","350m","常願寺川水系称名川","10 - 15m","","","","","","","","","","","","","",""
"姥ケ滝","[39姥ケ滝石川県白山市] 姥ヶ滝 （うばがたき）は、 石川県 白山市 にある 滝 である。 日本の滝百選 に選出されている  。","https://ja.wikipedia.org/wiki/姥ケ滝","日本の滝百選","https://ja.wikipedia.org/wiki/日本の滝百選","表形式","北緯36度15分17.4秒東経136度47分55.2秒","石川県白山市","北緯36度15分17.4秒東経136度47分55.2秒﻿ / ﻿北緯36.254833度 東経136.798667度﻿ /36.254833; 136.798667","111m","","40m","","","","","","","","","","","","","",""
"龍双ケ滝","[40龍双ケ滝福井県池田町] 龍双ヶ滝 （りゅうそうがたき）は 福井県 今立郡 池田町 にある 滝 である。福井県では唯一、 日本の滝百選 に選出されている。","https://ja.wikipedia.org/wiki/龍双ケ滝","日本の滝百選","https://ja.wikipedia.org/wiki/日本の滝百選","表形式","北緯35度55分22秒東経136度25分15秒","福井県今立郡池田町","北緯35度55分22秒東経136度25分15秒﻿ / ﻿北緯35.92278度 東経136.42083度﻿ /35.92278; 136.42083","60m","九頭竜川水系足羽川支流部子川","20m","","","","","","","","","","","","","",""
"米子大瀑布","[41米子大瀑布長野県須坂市] 米子大瀑布 （よなこだいばくふ）は、 長野県 須坂市 米子にある 滝 。 日本の滝百選 のひとつ。","https://ja.wikipedia.org/wiki/米子大瀑布","日本の滝百選","https://ja.wikipedia.org/wiki/日本の滝百選","表形式","北緯36度34分00秒東経138度24分21秒","長野県須坂市米子","権現滝北緯36度34分00秒東経138度24分21秒﻿ / ﻿北緯36.56667度 東経138.40583度﻿ /36.56667; 138.40583不動滝北緯36度34分04秒東経138度24分14.5秒﻿ / ﻿北緯36.56778度 東経138.404028度﻿ /36.56778; 138.404028","75 / 80m","信濃川","5 / 4.5m","","","","","","","","","","","","","",""
"三本滝","[42三本滝松本市] 三本滝 （さんぼんだき）は、 長野県 松本市 安曇地区 にある 滝 。 小大野川 、 黒い沢 、 無名沢 の3本の河川の合流地点の直近にあるため、「三本滝」という名称通り、3本の滝が横に並んでいる。 日本の滝百選 の1つ。長野県指定名勝。","https://ja.wikipedia.org/wiki/三本滝","日本の滝百選","https://ja.wikipedia.org/wiki/日本の滝百選","表形式","北緯36度7分6.8秒東経137度35分37.1秒","長野県松本市安曇地区","北緯36度7分6.8秒東経137度35分37.1秒﻿ / ﻿北緯36.118556度 東経137.593639度﻿ /36.118556; 137.593639","50m","信濃川水系小大野川","3m","","","","","","","","","","","","","",""
"田立の滝","[43田立の滝南木曽町] 田立の滝 （ただちのたき）は 長野県 木曽郡 南木曽町 にある滝群であり、 日本の滝百選 にも選ばれている。","https://ja.wikipedia.org/wiki/田立の滝","日本の滝百選","https://ja.wikipedia.org/wiki/日本の滝百選","表形式","北緯35度37分45.23秒東経137度32分48.92秒","長野県木曽郡南木曽町","北緯35度37分45.23秒東経137度32分48.92秒﻿ / ﻿北緯35.6292306度 東経137.5469222度﻿ /35.6292306; 137.5469222","天河滝40m","木曽川水系坪川","","","","","","","","","","","","","","",""
"根尾の滝","[44根尾の滝岐阜県下呂市] 根尾の滝 （ねおのたき）は、 岐阜県 下呂市 にある 滝 。","https://ja.wikipedia.org/wiki/根尾の滝","日本の滝百選","https://ja.wikipedia.org/wiki/日本の滝百選","表形式","北緯35度55分56秒東経137度22分15秒","岐阜県下呂市小坂町落合","北緯35度55分56秒東経137度22分15秒﻿ / ﻿北緯35.93222度 東経137.37083度﻿ /35.93222; 137.37083","63m","木曽川水系濁河川-小坂川","5m","","","","","","","","","","","","","",""
"平湯大滝","[45平湯大滝高山市] 平湯大滝 （ひらゆおおたき）は、 岐阜県 高山市 奥飛騨温泉郷 平湯にある滝。","https://ja.wikipedia.org/wiki/平湯大滝","日本の滝百選","https://ja.wikipedia.org/wiki/日本の滝百選","表形式","北緯36度10分37秒東経137度33分34秒","岐阜県高山市奥飛騨温泉郷平湯","北緯36度10分37秒東経137度33分34秒﻿ / ﻿北緯36.17694度 東経137.55944度﻿ /36.17694; 137.55944","64m","神通川水系高原川-平湯川","6m","","","","","","","","","","","","","",""
"養老の滝","[46養老の滝養老町] 養老の滝 （ようろうのたき）は、 岐阜県 養老郡 養老町 にある 木曽川 水系に属する落差32m、幅4mの 滝 である。岐阜県により設置された 養老公園 内にあり、 揖斐関ヶ原養老国定公園 に属する  。","https://ja.wikipedia.org/wiki/養老の滝","日本の滝百選","https://ja.wikipedia.org/wiki/日本の滝百選","表形式","北緯35度16分48秒東経136度32分3秒","岐阜県養老郡養老町養老公園","北緯35度16分48秒東経136度32分3秒﻿ / ﻿北緯35.28000度 東経136.53417度﻿ /35.28000; 136.53417","32m","木曽川水系滝谷","4m","","","","","","","","","","","","","",""
"阿弥陀ケ滝","[47阿弥陀ケ滝郡上市] 阿弥陀ヶ滝 （あみだがたき）は、 岐阜県 郡上市 白鳥町前谷（旧 郡上郡 白鳥町 ）にある 滝 。","https://ja.wikipedia.org/wiki/阿弥陀ケ滝","日本の滝百選","https://ja.wikipedia.org/wiki/日本の滝百選","表形式","北緯35度57分34.74秒東経136度49分3.78秒","日本岐阜県郡上市白鳥町前谷","北緯35度57分34.74秒東経136度49分3.78秒﻿ / ﻿北緯35.9596500度 東経136.8177167度﻿ /35.9596500; 136.8177167座標:北緯35度57分34.74秒東経136度49分3.78秒﻿ / ﻿北緯35.9596500度 東経136.8177167度﻿ /35.9596500; 136.8177167","60m","木曽川水系長良川支流前谷川","7m","","","","","","","","","","","","","",""
"安倍の大滝","[48安倍の大滝静岡県静岡市葵区] 安倍の大滝 （あべのおおたき）は、 静岡県 静岡市 葵区 にある 滝 。 安倍川 の上流、 梅ヶ島温泉 の近くに位置し、 日本の滝百選 に数えられている他、 日本三大名瀑 に数えられることもある。「駿河大滝」「乙女の滝」とも言われる。","https://ja.wikipedia.org/wiki/安倍の大滝","日本の滝百選","https://ja.wikipedia.org/wiki/日本の滝百選","表形式","北緯35度17分59秒東経138度21分06秒","静岡県静岡市葵区","北緯35度17分59秒東経138度21分06秒﻿ / ﻿北緯35.29972度 東経138.35167度﻿ /35.29972; 138.35167","80m","安倍川","4(諸説あり)m","","","","","","","","","","","","","",""
"浄蓮の滝","[49浄蓮の滝伊豆市] 浄蓮の滝 （じょうれんのたき）は、 静岡県 伊豆市 湯ヶ島にある 滝 。 日本の滝百選 の一つ。","https://ja.wikipedia.org/wiki/浄蓮の滝","日本の滝百選","https://ja.wikipedia.org/wiki/日本の滝百選","表形式","北緯34度52分18秒東経138度55分20秒","静岡県伊豆市湯ヶ島","北緯34度52分18秒東経138度55分20秒﻿ / ﻿北緯34.87167度 東経138.92222度﻿ /34.87167; 138.92222","25m","狩野川水系本谷川","7m","","","","","","","","","","","","","",""
"白糸の滝","[50白糸の滝＋音止めの滝富士宮市] 白糸の滝 （しらいとのたき）とは、 静岡県 富士宮市 にある 滝 。隣接する 音止めの滝 と共に著名な 観光地 の1つとして知られ、 日本の滝百選 にも選ばれている他、 日本三大名瀑 に選ばれることがある。","https://ja.wikipedia.org/wiki/白糸の滝_(静岡県)","日本の滝百選","https://ja.wikipedia.org/wiki/日本の滝百選","表形式","北緯35度18分47秒東経138度35分14秒","日本静岡県富士宮市上井出","北緯35度18分47秒東経138度35分14秒﻿ / ﻿北緯35.312939度 東経138.587343度﻿ /35.312939; 138.587343座標:北緯35度18分47秒東経138度35分14秒﻿ / ﻿北緯35.312939度 東経138.587343度﻿ /35.312939; 138.587343","20m","富士川水系芝川","200m","","","","","","","","","","","","","",""
"阿寺の七滝","[51阿寺の七滝愛知県新城市] 阿寺の七滝 （あてらのななたき）は、 愛知県 新城市 の 阿寺川 にある 滝 。滝および周辺は国の 名勝 および 天然記念物 に指定されている。 日本の滝100選 の一つ。","https://ja.wikipedia.org/wiki/阿寺の七滝","日本の滝百選","https://ja.wikipedia.org/wiki/日本の滝百選","表形式","北緯34度56分49.8秒東経137度38分54.4秒","愛知県新城市下吉田","北緯34度56分49.8秒東経137度38分54.4秒﻿ / ﻿北緯34.947167度 東経137.648444度﻿ /34.947167; 137.648444﻿ (阿寺の七滝)座標:北緯34度56分49.8秒東経137度38分54.4秒﻿ / ﻿北緯34.947167度 東経137.648444度﻿ /34.947167; 137.648444﻿ (阿寺の七滝)","26m","豊川","","","","","","","","","","","","","","",""
"布引の滝","[52布引の滝三重県熊野市] 布引の滝 （ぬのびきのたき）は、 三重県 熊野市 にある 滝 で、 日本の滝百選 の1つである。一帯は熊野市きらずの森（20ヘクタール）となっている。 名称の由来は、水の流れが大巾の布地を垂らしたように、音もなく飛沫も立てずに静かに流れ落ちるさまから付けられた。熊野市の条例で布引の滝付近一帯の森は「切らずの森」として指定され、自然を保護すべく守り続けられている。","https://ja.wikipedia.org/wiki/布引の滝_(三重県熊野市)","日本の滝百選","https://ja.wikipedia.org/wiki/日本の滝百選","表形式","北緯33度50分31.1秒東経135度55分18.4秒","三重県熊野市","北緯33度50分31.1秒東経135度55分18.4秒﻿ / ﻿北緯33.841972度 東経135.921778度﻿ /33.841972; 135.921778","53m","楊枝川","","","","","","","","","","","","","","",""
"赤目四十八滝","[53赤目四十八滝名張市] 赤目四十八滝 （あかめしじゅうはちたき）は、 日本 に数多く存在する 四十八滝 の一つで、 三重県 名張市 赤目町を流れる滝川の 渓谷 にある、一連の 滝 の総称である。また、谷は 赤目四十八滝渓谷 （あかめしじゅうはちたき けいこく）と称される。","https://ja.wikipedia.org/wiki/赤目四十八滝","日本の滝百選","https://ja.wikipedia.org/wiki/日本の滝百選","表形式","北緯34度33分33秒東経136度5分30秒","三重県名張市赤目町","北緯34度33分33秒東経136度5分30秒﻿ / ﻿北緯34.55917度 東経136.09167度﻿ /34.55917; 136.09167座標:北緯34度33分33秒東経136度5分30秒﻿ / ﻿北緯34.55917度 東経136.09167度﻿ /34.55917; 136.09167","荷担滝8m","淀川水系滝川","","","","","","","","","","","","","","",""
"七ツ釜滝","[54七ツ釜滝大台町] 七ツ釜滝 （ななつがまだき）は、 日本三大峡谷 として知られる、 大杉谷 ( 三重県 多気郡 大台町 )にある 滝 。その名の示す通り多くの釜を有する段瀑であり、落差は120m以上。「 日本の滝百選 」に選ばれている名瀑である。","https://ja.wikipedia.org/wiki/七ツ釜滝","日本の滝百選","https://ja.wikipedia.org/wiki/日本の滝百選","表形式","北緯34度12分33秒東経136度9分9.9秒","三重県多気郡大台町","北緯34度12分33秒東経136度9分9.9秒﻿ / ﻿北緯34.20917度 東経136.152750度﻿ /34.20917; 136.152750","120m","宮川水系宮川","15m","","","","","","","","","","","","","",""
"八ツ淵の滝","[55八ツ淵の滝滋賀県高島市] 八ツ淵の滝 （やつぶちのたき）は、 武奈ヶ岳 の中腹にある 鴨川 源流域に位置する8つの滝の総称    。 日本の滝百選 に選出されている    。","https://ja.wikipedia.org/wiki/八ツ淵の滝","日本の滝百選","https://ja.wikipedia.org/wiki/日本の滝百選","表形式","北緯35度16分07秒 東経135度55分08秒","","","","","","","","","","","","","","","","","","",""
"金引の滝","[56金引の滝京都府宮津市] 金引の滝 （かなびきのたき）は、 京都府 宮津市 滝馬（たきば）にある 滝 。高さ約40メートル、幅約20メートル    。金引の滝（男滝・女滝）、白竜の滝（はくりゅう）、臥竜の滝（がりゅう）の3滝の総称である。 大手川 の支流である滝馬川の上流部にある  。京都府で唯一、 日本の滝百選 に選定されている   。","https://ja.wikipedia.org/wiki/金引の滝","日本の滝百選","https://ja.wikipedia.org/wiki/日本の滝百選","表形式","北緯35度31分46秒東経135度10分57秒","京都府宮津市滝馬","北緯35度31分46秒東経135度10分57秒﻿ / ﻿北緯35.52944度 東経135.18250度﻿ /35.52944; 135.18250","40m","大手川","20m","","","","","","","","","","","","","",""
"箕面滝","[57箕面滝大阪府箕面市] 箕面滝 （みのおたき、みのおのたき、みのおだき）は、 大阪府 箕面市 の 明治の森箕面国定公園 内にある 滝 である。 箕面大滝 ともいう。 日本の滝百選 の一つに選定されている。","https://ja.wikipedia.org/wiki/箕面滝","日本の滝百選","https://ja.wikipedia.org/wiki/日本の滝百選","表形式","北緯34度51分14秒東経135度28分18秒","大阪府箕面市","北緯34度51分14秒東経135度28分18秒﻿ / ﻿北緯34.85389度 東経135.47167度﻿ /34.85389; 135.47167","33m","淀川水系箕面川","5m","","","","","","","","","","","","","",""
"原不動滝","[58原不動滝兵庫県宍粟市] 原不動滝 （はらふどうだき）は 兵庫県 宍粟市 波賀町原にある 滝 。 日本の滝百選 の一つ。","https://ja.wikipedia.org/wiki/原不動滝","日本の滝百選","https://ja.wikipedia.org/wiki/日本の滝百選","表形式","北緯35度11分52.74秒東経134度30分6.62秒","兵庫県宍粟市","北緯35度11分52.74秒東経134度30分6.62秒﻿ / ﻿北緯35.1979833度 東経134.5018389度﻿ /35.1979833; 134.5018389","88m","揖保川水系八丈川","","","","","","","","","","","","","","",""
"猿尾滝","[59猿尾滝香美町] 猿尾滝 （さるおだき）は 兵庫県 美方郡 香美町 村岡区 にある 滝 。但馬三名瀑の一つに数えられ、 日本の滝百選 に選定されている。","https://ja.wikipedia.org/wiki/猿尾滝","日本の滝百選","https://ja.wikipedia.org/wiki/日本の滝百選","表形式","北緯35度26分2秒東経134度36分52秒","兵庫県香美町","北緯35度26分2秒東経134度36分52秒﻿ / ﻿北緯35.43389度 東経134.61444度﻿ /35.43389; 134.61444","60m","作山川","","","","","","","","","","","","","","",""
"天滝","[60天滝養父市] 氷ノ山の東方33kmに位置する落差98mの雄大な滝は、天から降り注ぐかのような荘厳さからその名が付けられたとされる。 弘法大師（空海） 所縁とする伝承が残り、「大和長谷寺縁起」や「役の行者本記」などにもその名を残す。 1996年 度の NHK 連続テレビ小説 「 ふたりっ子 」のオープニングに登場した 滝 でもある。","https://ja.wikipedia.org/wiki/天滝","日本の滝百選","https://ja.wikipedia.org/wiki/日本の滝百選","表形式","北緯35度20分7秒東経134度36分27秒","兵庫県養父市","北緯35度20分7秒東経134度36分27秒﻿ / ﻿北緯35.33528度 東経134.60750度﻿ /35.33528; 134.60750座標:北緯35度20分7秒東経134度36分27秒﻿ / ﻿北緯35.33528度 東経134.60750度﻿ /35.33528; 134.60750","98m","円山川水系大屋川","","","","","","","","","","","","","","",""
"布引の滝","[61布引の滝神戸市中央区] 布引の滝 （ぬのびきのたき）は、 神戸市 中央区 を流れる 布引渓流 （ 名水百選 ）にある4つの 滝 の総称。 日本三大神滝 のひとつ。 日本三大名瀑 にも選ばれることがある。 布引滝 とも表記する。名瀑として知られる古来の景勝地である。","https://ja.wikipedia.org/wiki/布引の滝_(兵庫県)","日本の滝百選","https://ja.wikipedia.org/wiki/日本の滝百選","表形式","北緯34度42分35秒東経135度11分37秒","兵庫県神戸市中央区","北緯34度42分35秒東経135度11分37秒﻿ / ﻿北緯34.70972度 東経135.19361度﻿ /34.70972; 135.19361﻿ (布引の滝)座標:北緯34度42分35秒東経135度11分37秒﻿ / ﻿北緯34.70972度 東経135.19361度﻿ /34.70972; 135.19361﻿ (布引の滝)","(雄滝)43m","生田川","","","","","","","","","","","","","","",""
"双門の滝","[62双門の滝奈良県天川村] 双門の滝 （そうもんのたき）は、 奈良県 天川村 にある 滝 。 日本の滝百選 の一つに選ばれている。上部は数段に分かれた段瀑で下部は細い岩肌の隙間を縫うように一気に落ちる。全体の落差は70メートル。 弥山 の登山道から入渓し、弥山川に沿って遡行の後、裏双門と呼ばれる岩尾根に登る。登った先の高台は俗に双門の滝テラスと呼ばれており、双門の滝を遠望できる。基本的に滝直下に行く一般ルートはない。やや北にある観音峰山山頂から弥山方面を見るとかなりの遠望だが滝の姿を見ることが出来る。","https://ja.wikipedia.org/wiki/双門の滝","日本の滝百選","https://ja.wikipedia.org/wiki/日本の滝百選","表形式","北緯34度11分57.4秒東経135度53分32.9秒","奈良県天川村","北緯34度11分57.4秒東経135度53分32.9秒﻿ / ﻿北緯34.199278度 東経135.892472度﻿ /34.199278; 135.892472座標:北緯34度11分57.4秒東経135度53分32.9秒﻿ / ﻿北緯34.199278度 東経135.892472度﻿ /34.199278; 135.892472","70m","新宮川水系弥山川","","","","","","","","","","","","","","",""
"不動七重の滝","[63不動七重の滝下北山村] 不動七重の滝 （ふどうななえのたき）は、 奈良県 吉野郡 下北山村 にあり、 吉野熊野国立公園 の特別地域で、 日本の滝百選 の1つである。","https://ja.wikipedia.org/wiki/不動七重の滝","日本の滝百選","https://ja.wikipedia.org/wiki/日本の滝百選","表形式","北緯34度5分46.6秒東経135度57分14.5秒","奈良県吉野郡下北山村","北緯34度5分46.6秒東経135度57分14.5秒﻿ / ﻿北緯34.096278度 東経135.954028度﻿ /34.096278; 135.954028","100m","前鬼川","","","","","","","","","","","","","","",""
"笹の滝","[64笹の滝十津川村] 笹の滝 （ささのたき）は 奈良県 吉野郡 十津川村 にある 滝 。 日本の滝百選 に選定されている。","https://ja.wikipedia.org/wiki/笹の滝","日本の滝百選","https://ja.wikipedia.org/wiki/日本の滝百選","表形式","北緯34度3分41.06秒東経135度51分28.52秒","奈良県吉野郡十津川村大字内原","北緯34度3分41.06秒東経135度51分28.52秒﻿ / ﻿北緯34.0614056度 東経135.8579222度﻿ /34.0614056; 135.8579222","32m","滝川","","","","","","","","","","","","","","",""
"中の滝","[65中の滝上北山村] 中の滝 （なかのたき）は、 奈良県 吉野郡 上北山村 にある 東ノ川 の滝である。標高約1233m。","https://ja.wikipedia.org/wiki/中の滝","日本の滝百選","https://ja.wikipedia.org/wiki/日本の滝百選","表形式","北緯34度11分0.3秒東経136度4分50.43秒","奈良県吉野郡上北山村","北緯34度11分0.3秒東経136度4分50.43秒﻿ / ﻿北緯34.183417度 東経136.0806750度﻿ /34.183417; 136.0806750座標:北緯34度11分0.3秒東経136度4分50.43秒﻿ / ﻿北緯34.183417度 東経136.0806750度﻿ /34.183417; 136.0806750","250m","新宮川水系北山川支流の東ノ川","","","","","","","","","","","","","","",""
"那智滝","[66那智滝和歌山県那智勝浦町] 那智滝 （なちのたき）は、 和歌山県 東牟婁郡 那智勝浦町 の 那智川 中流にかかる 滝 。石英 斑岩 からなるほとんど垂直の断崖に沿って落下し、落ち口の幅13 メートル 、滝壺までの落差は133メートルに達し、その姿は 熊野灘 からも望見することができる  。総合落差では日本12位だが、一段の滝としては落差日本1位。 華厳滝 と共に 日本三名瀑 に数えられている。","https://ja.wikipedia.org/wiki/那智滝","日本の滝百選","https://ja.wikipedia.org/wiki/日本の滝百選","表形式","北緯33度40分31秒東経135度53分15秒","和歌山県那智勝浦町","北緯33度40分31秒東経135度53分15秒﻿ / ﻿北緯33.67528度 東経135.88750度﻿ /33.67528; 135.88750座標:北緯33度40分31秒東経135度53分15秒﻿ / ﻿北緯33.67528度 東経135.88750度﻿ /33.67528; 135.88750","133m","那智川","13m","","","","","","","","","","","","","",""
"桑ノ木の滝","[67桑ノ木の滝新宮市] 桑ノ木の滝 （くわのきのたき）は、 和歌山県 新宮市 にある 滝 で、 日本の滝百選 の1つである。","https://ja.wikipedia.org/wiki/桑ノ木の滝","日本の滝百選","https://ja.wikipedia.org/wiki/日本の滝百選","表形式","北緯33度43分20秒東経135度56分9.6秒","和歌山県新宮市","北緯33度43分20秒東経135度56分9.6秒﻿ / ﻿北緯33.72222度 東経135.936000度﻿ /33.72222; 135.936000","21m","高田川","8m","","","","","","","","","","","","","",""
"八草の滝","[68八草の滝白浜町] 八草の滝 （はそのたき）は、 和歌山県 西牟婁郡 白浜町 の 大塔日置川県立自然公園 内にあり、 日本の滝百選 に選ばれた。","https://ja.wikipedia.org/wiki/八草の滝","日本の滝百選","https://ja.wikipedia.org/wiki/日本の滝百選","表形式","北緯33度38分46秒東経135度28分43秒","和歌山県西牟婁郡白浜町","北緯33度38分46秒東経135度28分43秒﻿ / ﻿北緯33.64611度 東経135.47861度﻿ /33.64611; 135.47861座標:北緯33度38分46秒東経135度28分43秒﻿ / ﻿北緯33.64611度 東経135.47861度﻿ /33.64611; 135.47861","22m","日置川","","","","","","","","","","","","","","",""
"大山滝","[69大山滝鳥取県琴浦町] 大山滝 （だいせんたき）は 鳥取県 東伯郡 琴浦町 野井倉にある 滝 。 日本の滝百選 に選定されている。","https://ja.wikipedia.org/wiki/大山滝","日本の滝百選","https://ja.wikipedia.org/wiki/日本の滝百選","表形式","北緯35度22分28秒東経133度35分42秒","鳥取県琴浦町","北緯35度22分28秒東経133度35分42秒﻿ / ﻿北緯35.37444度 東経133.59500度﻿ /35.37444; 133.59500","42m","加勢蛇川","4m","","","","","","","","","","","","","",""
"雨滝","[70雨滝鳥取市] 雨滝 （あめだき）は、 鳥取県 鳥取市 国府町にある 滝 。 日本の滝百選 に選定されている。","https://ja.wikipedia.org/wiki/雨滝","日本の滝百選","https://ja.wikipedia.org/wiki/日本の滝百選","表形式","北緯35度28分42秒東経134度24分15秒","鳥取県鳥取市","北緯35度28分42秒東経134度24分15秒﻿ / ﻿北緯35.47833度 東経134.40417度﻿ /35.47833; 134.40417","40m","千代川水系雨滝川","4m","","","","","","","","","","","","","",""
"壇鏡の滝","[71壇鏡の滝島根県隠岐の島町] 壇鏡の滝 （だんぎょうのたき）は、 隠岐諸島 の 島後島 （ 島根県 隠岐郡 隠岐の島町 ）にある横尾山を源流とする那久川の 滝 である。","https://ja.wikipedia.org/wiki/壇鏡の滝","日本の滝百選","https://ja.wikipedia.org/wiki/日本の滝百選","表形式","北緯36度14分26秒東経133度14分10秒","島根県隠岐郡隠岐の島町","北緯36度14分26秒東経133度14分10秒﻿ / ﻿北緯36.24056度 東経133.23611度﻿ /36.24056; 133.23611","40m","那久川","","","","","","","","","","","","","","",""
"龍頭八重滝","[72龍頭八重滝雲南市] 龍頭ヶ滝 （りゅうずがたき）は、雲南市掛合町松笠にある 滝 。","https://ja.wikipedia.org/wiki/龍頭八重滝","日本の滝百選","https://ja.wikipedia.org/wiki/日本の滝百選","表形式","北緯35度11分43秒東経132度47分4秒","島根県雲南市","北緯35度11分43秒東経132度47分4秒﻿ / ﻿北緯35.19528度 東経132.78444度﻿ /35.19528; 132.78444","40m","斐伊川水系滝谷川","","","","","","","","","","","","","","",""
"神庭の滝","[73神庭の滝岡山県真庭市] 神庭の滝 （かんばのたき）は 岡山県 真庭市 神庭にある 滝 。国の 名勝 に指定されており（指定名称は「 神庭瀑 」）、 日本百景 、 日本の滝百選 にも選定されている。また周囲は岡山県立自然公園に指定されている。","https://ja.wikipedia.org/wiki/神庭の滝","日本の滝百選","https://ja.wikipedia.org/wiki/日本の滝百選","表形式","北緯35度7分7.0秒東経133度40分43.6秒","岡山県真庭市","北緯35度7分7.0秒東経133度40分43.6秒﻿ / ﻿北緯35.118611度 東経133.678778度﻿ /35.118611; 133.678778座標:北緯35度7分7.0秒東経133度40分43.6秒﻿ / ﻿北緯35.118611度 東経133.678778度﻿ /35.118611; 133.678778","110m","旭川水系神庭川","20m","","","","","","","","","","","","","",""
"常清滝","[74常清滝広島県三次市] 常清滝 （じょうせいだき）は、 広島県 三次市 作木町 下作木にある 滝 。 1990年 4月に、広島県で唯一日本の滝百選にも選ばれている。 江の川 の支流、作木川のさらに支流にかかる滝である。周りはうっそうとしたケヤキ、アベマキ、コナラを主とした落葉広葉樹で覆われ広島県の 自然環境保全地域 にも指定され緑と渓流の美しい環境が保たれている。 昭和35年8月25日に広島県の名勝に指定されている。","https://ja.wikipedia.org/wiki/常清滝","日本の滝百選","https://ja.wikipedia.org/wiki/日本の滝百選","表形式","北緯34度51分47.9秒東経132度43分34.42秒","広島県三次市","北緯34度51分47.9秒東経132度43分34.42秒﻿ / ﻿北緯34.863306度 東経132.7262278度﻿ /34.863306; 132.7262278","126m","江の川水系作木川","","","","","","","","","","","","","","",""
"寂地峡五竜の滝","[75寂地峡五竜の滝山口県岩国市] 犬戻峡にある犬戻十八滝のうち、特に 龍 の名を冠した5つの滝は総称して 寂地峡五竜の滝 と呼ばれ、 日本の滝百選 に選定されている。滝は川上より順に以下の通りである。","https://ja.wikipedia.org/wiki/寂地峡五竜の滝","日本の滝百選","https://ja.wikipedia.org/wiki/日本の滝百選","表形式","北緯34度25分50.57秒東経132度3分19.84秒","山口県岩国市錦町宇佐","北緯34度25分50.57秒東経132度3分19.84秒﻿ / ﻿北緯34.4307139度 東経132.0555111度﻿ /34.4307139; 132.0555111座標:北緯34度25分50.57秒東経132度3分19.84秒﻿ / ﻿北緯34.4307139度 東経132.0555111度﻿ /34.4307139; 132.0555111","（龍頭の滝）14m","錦川水系宇佐川","","","","","","","","","","","","","","",""
"大釜の滝","[76大釜の滝徳島県那賀町] 大釜の滝 （おおがまのたき）は、 徳島県 那賀郡 那賀町 にある 滝 。 日本の滝百選 、 とくしま88景 、 とくしま水紀行50選 に選定されている。","https://ja.wikipedia.org/wiki/大釜の滝","日本の滝百選","https://ja.wikipedia.org/wiki/日本の滝百選","表形式","北緯33度52分56秒東経134度16分55秒","徳島県那賀町","北緯33度52分56秒東経134度16分55秒﻿ / ﻿北緯33.88222度 東経134.28194度﻿ /33.88222; 134.28194座標:北緯33度52分56秒東経134度16分55秒﻿ / ﻿北緯33.88222度 東経134.28194度﻿ /33.88222; 134.28194","20m","那賀川水系釜ヶ谷川","","","","","","","","","","","","","","",""
"轟九十九滝","[77轟九十九滝海陽町] 轟九十九滝 （とどろきくじゅうくたき）は、 徳島県 海部郡 海陽町 にある 王余魚谷川 の 滝 。 日本の滝百選 、 四国のみずべ八十八カ所 に選定されている。","https://ja.wikipedia.org/wiki/轟九十九滝","日本の滝百選","https://ja.wikipedia.org/wiki/日本の滝百選","表形式","北緯33度41分52.1秒東経134度15分15.49秒","徳島県海陽町平井王余魚谷","北緯33度41分52.1秒東経134度15分15.49秒﻿ / ﻿北緯33.697806度 東経134.2543028度﻿ /33.697806; 134.2543028座標:北緯33度41分52.1秒東経134度15分15.49秒﻿ / ﻿北緯33.697806度 東経134.2543028度﻿ /33.697806; 134.2543028","(本滝)58m","海部川水系王余魚谷川","(本滝)5m","","","","","","","","","","","","","",""
"雨乞の滝","[78雨乞の滝神山町] 雨乞の滝 （あまごいのたき）は、 徳島県 名西郡 神山町 にある 滝 。 日本の滝百選 、 四国のみずべ八十八カ所 、 とくしま88景 、 とくしま水紀行50選 に選定されている。","https://ja.wikipedia.org/wiki/雨乞の滝","日本の滝百選","https://ja.wikipedia.org/wiki/日本の滝百選","表形式","北緯33度57分3.24秒東経134度20分7.29秒","徳島県神山町","北緯33度57分3.24秒東経134度20分7.29秒﻿ / ﻿北緯33.9509000度 東経134.3353583度﻿ /33.9509000; 134.3353583","(雌滝)45m","吉野川水系高根谷川","","","","","","","","","","","","","","",""
"雪輪の滝","[79雪輪の滝愛媛県宇和島市] 雪輪の滝 （ゆきわのたき）は 愛媛県 宇和島市 野川の 滑床渓谷 にある 滝 。 日本の滝百選 に選定されている。","https://ja.wikipedia.org/wiki/雪輪の滝","日本の滝百選","https://ja.wikipedia.org/wiki/日本の滝百選","表形式","北緯33度12分1.18秒東経132度38分51.71秒","愛媛県宇和島市","北緯33度12分1.18秒東経132度38分51.71秒﻿ / ﻿北緯33.2003278度 東経132.6476972度﻿ /33.2003278; 132.6476972","300m","四万十川水系目黒川支流","20m","","","","","","","","","","","","","",""
"御来光の滝","[80御来光の滝久万高原町] 御来光の滝 （ごらいこうのたき）とは、 愛媛県 上浮穴郡 久万高原町 にある滝。","https://ja.wikipedia.org/wiki/御来光の滝","日本の滝百選","https://ja.wikipedia.org/wiki/日本の滝百選","表形式","北緯33度45分38秒東経133度6分42秒","愛媛県上浮穴郡久万高原町","北緯33度45分38秒東経133度6分42秒﻿ / ﻿北緯33.76056度 東経133.11167度﻿ /33.76056; 133.11167座標:北緯33度45分38秒東経133度6分42秒﻿ / ﻿北緯33.76056度 東経133.11167度﻿ /33.76056; 133.11167","102m","仁淀川","","","","","","","","","","","","","","",""
"龍王の滝","[81龍王の滝高知県大豊町] 龍王の滝 （りゅうおうのたき）は、 高知県 長岡郡 大豊町 佐賀山にある 滝 。 日本の滝百選 、高知県の名水40選に選定されている。","https://ja.wikipedia.org/wiki/龍王の滝","日本の滝百選","https://ja.wikipedia.org/wiki/日本の滝百選","表形式","北緯33度46分11秒東経133度45分43秒","高知県長岡郡大豊町","北緯33度46分11秒東経133度45分43秒﻿ / ﻿北緯33.76972度 東経133.76194度﻿ /33.76972; 133.76194","20m","吉野川支流 南小川水系佐賀山川","","","","","","","","","","","","","","",""
"轟の滝","[82轟の滝香美市] 轟の滝 （とどろのたき）は、 高知県 香美市 香北町 にある 滝 。 県指定名勝 であり、 日本の滝百選 に選定されている。","https://ja.wikipedia.org/wiki/轟の滝_(高知県)","日本の滝百選","https://ja.wikipedia.org/wiki/日本の滝百選","表形式","北緯33度42分43.11秒東経133度50分3.04秒","高知県香美市","北緯33度42分43.11秒東経133度50分3.04秒﻿ / ﻿北緯33.7119750度 東経133.8341778度﻿ /33.7119750; 133.8341778","83m","物部川水系日比原川","5m","","","","","","","","","","","","","",""
"大樽の滝","[83大樽の滝越知町] 大樽の滝 （おおたるのたき）は 高知県 高岡郡 越知町 山室字大樽にある 滝 。 日本の滝百選 に選定されている。","https://ja.wikipedia.org/wiki/大樽の滝","日本の滝百選","https://ja.wikipedia.org/wiki/日本の滝百選","表形式","北緯33度31分2.15秒東経133度14分38.52秒","高知県高岡郡越知町","北緯33度31分2.15秒東経133度14分38.52秒﻿ / ﻿北緯33.5172639度 東経133.2440333度﻿ /33.5172639; 133.2440333","34m","仁淀川支流大桐川水系大樽谷川","","","","","","","","","","","","","","",""
"観音の滝","[84観音の滝佐賀県唐津市] 観音の滝 （かんのんのたき）は、 佐賀県 唐津市 にある 滝 。 日本の滝百選 に選定されている。","https://ja.wikipedia.org/wiki/観音の滝_(佐賀県)","日本の滝百選","https://ja.wikipedia.org/wiki/日本の滝百選","表形式","北緯33度26分6.26秒東経130度7分48.47秒","佐賀県唐津市七山滝川","北緯33度26分6.26秒東経130度7分48.47秒﻿ / ﻿北緯33.4350722度 東経130.1301306度﻿ /33.4350722; 130.1301306","45m","玉島川水系滝川川","10m","","","","","","","","","","","","","",""
"見帰りの滝","[85見帰りの滝] 見帰りの滝 （みかえりのたき）は、 佐賀県 唐津市 相知町 の 天山県立自然公園 内にある 滝 。 日本の滝百選 に選ばれた。","https://ja.wikipedia.org/wiki/見帰りの滝","日本の滝百選","https://ja.wikipedia.org/wiki/日本の滝百選","表形式","北緯33度22分4.0秒東経130度2分22.3秒","佐賀県唐津市相知町伊岐佐","北緯33度22分4.0秒東経130度2分22.3秒﻿ / ﻿北緯33.367778度 東経130.039528度﻿ /33.367778; 130.039528","100m","左伊岐佐川","","","","","","","","","","","","","","",""
"四十三万滝","[86四十三万滝熊本県菊池市] 一帯は 阿蘇外輪山 を取り囲む モミ 、 ツガ 、 ケヤキ など 広葉樹 の 原生林 に覆われている。「渓谷美の極致」と言われた状態で残っており、 阿蘇くじゅう国立公園 の特別保護地区、 菊池水源 として 名水100選 に選定されている  。また、 くまもと自然休養林菊池渓谷 として 森林浴の森百選 や  、 菊池渓谷自然休養林 として 水源の森百選 等に選定されている。","https://ja.wikipedia.org/wiki/菊池渓谷","日本の滝百選","https://ja.wikipedia.org/wiki/日本の滝百選","表形式","北緯32度54分0秒東経130度54分0秒","熊本県菊池市","北緯32度54分0秒東経130度54分0秒﻿ / ﻿北緯32.90000度 東経130.90000度﻿ /32.90000; 130.90000座標:北緯32度54分0秒東経130度54分0秒﻿ / ﻿北緯32.90000度 東経130.90000度﻿ /32.90000; 130.90000","15m","菊池川水系本流菊池渓谷","25m","","","","","","","","","","","","","",""
"栴檀轟の滝","[87栴檀轟の滝八代市] 栴檀轟の滝 （せんだんとどろのたき）は、 熊本県 八代市 の 九州中央山地国定公園 ・熊本県立自然公園内にあり、 日本の滝百選 に選ばれた。","https://ja.wikipedia.org/wiki/栴檀轟の滝","日本の滝百選","https://ja.wikipedia.org/wiki/日本の滝百選","表形式","北緯32度31分17.2秒東経130度53分20.2秒","熊本県八代市泉町柿迫","北緯32度31分17.2秒東経130度53分20.2秒﻿ / ﻿北緯32.521444度 東経130.888944度﻿ /32.521444; 130.888944","70m","球磨川水系川辺川","","","","","","","","","","","","","","",""
"数鹿流ヶ滝","[88数鹿流ヶ滝南阿蘇村] 数鹿流ヶ滝 （すがるがたき）は 熊本県 阿蘇郡 南阿蘇村 にある 滝 。 日本の滝百選 に選定されている。","https://ja.wikipedia.org/wiki/数鹿流ヶ滝","日本の滝百選","https://ja.wikipedia.org/wiki/日本の滝百選","表形式","北緯32度53分17.2秒東経130度59分20.4秒","熊本県阿蘇郡南阿蘇村立野","北緯32度53分17.2秒東経130度59分20.4秒﻿ / ﻿北緯32.888111度 東経130.989000度﻿ /32.888111; 130.989000","60m","白川水系黒川","20m","","","","","","","","","","","","","",""
"鹿目の滝","[89鹿目の滝人吉市] 鹿目の滝 （かなめのたき）は、雄滝、雌滝、平滝からなり、 熊本県 人吉市 にある。 日本の滝百選 に選ばれ、鹿目八重滝とも呼ばれる。","https://ja.wikipedia.org/wiki/鹿目の滝","日本の滝百選","https://ja.wikipedia.org/wiki/日本の滝百選","表形式","北緯32度11分39秒東経130度41分41.2秒","熊本県人吉市","北緯32度11分39秒東経130度41分41.2秒﻿ / ﻿北緯32.19417度 東経130.694778度﻿ /32.19417; 130.694778","36m","鹿目川","","","","","","","","","","","","","","",""
"東椎屋の滝","[90東椎屋の滝大分県宇佐市] 東椎屋の滝 （ひがししいやのたき）、 大分県 宇佐市 安心院町 にある 滝 。 日本の滝百選 に選ばれている。","https://ja.wikipedia.org/wiki/東椎屋の滝","日本の滝百選","https://ja.wikipedia.org/wiki/日本の滝百選","表形式","北緯33度21分34秒東経131度23分2.6秒","大分県宇佐市","北緯33度21分34秒東経131度23分2.6秒﻿ / ﻿北緯33.35944度 東経131.384056度﻿ /33.35944; 131.384056","85m","駅館川水系滝川","5m","","","","","","","","","","","","","",""
"原尻の滝","[91原尻の滝豊後大野市] 原尻の滝 （はらじりのたき）は、 大分県 豊後大野市 緒方町原尻の 大野川 水系 緒方川 にある 滝 。 日本の滝百選 に選ばれている。","https://ja.wikipedia.org/wiki/原尻の滝","日本の滝百選","https://ja.wikipedia.org/wiki/日本の滝百選","表形式","北緯32度57分50秒東経131度27分4秒","大分県豊後大野市緒方町原尻","北緯32度57分50秒東経131度27分4秒﻿ / ﻿北緯32.96389度 東経131.45111度﻿ /32.96389; 131.45111座標:北緯32度57分50秒東経131度27分4秒﻿ / ﻿北緯32.96389度 東経131.45111度﻿ /32.96389; 131.45111","20m","大野川","120m","","","","","","","","","","","","","",""
"震動の滝","[92震動の滝九重町] 震動の滝 （しんどうのたき）は、 大分県 玖珠郡 九重町 にある 滝 。 日本の滝百選 に選ばれている。","https://ja.wikipedia.org/wiki/震動の滝","日本の滝百選","https://ja.wikipedia.org/wiki/日本の滝百選","表形式","北緯33度10分8.9秒東経131度13分32秒","大分県玖珠郡九重町","北緯33度10分8.9秒東経131度13分32秒﻿ / ﻿北緯33.169139度 東経131.22556度﻿ /33.169139; 131.22556","83m","筑後川水系鳴子川","7m","","","","","","","","","","","","","",""
"西椎屋の滝","[93西椎屋の滝玖珠町] 西椎屋の滝 （にししいやのたき）は、 大分県 玖珠郡 玖珠町 の 宇佐市 院内町 との境界付近にある 滝 である。 日本の滝百選 に選ばれている。","https://ja.wikipedia.org/wiki/西椎屋の滝","日本の滝百選","https://ja.wikipedia.org/wiki/日本の滝百選","表形式","北緯33度21分18秒東経131度15分2秒","大分県玖珠郡玖珠町・宇佐市","北緯33度21分18秒東経131度15分2秒﻿ / ﻿北緯33.35500度 東経131.25056度﻿ /33.35500; 131.25056","83m","日出生川","","","","","","","","","","","","","","",""
"関之尾滝","[94関之尾滝宮崎県都城市] 関之尾滝 （せきのおのたき）は、 宮崎県 都城市 関之尾町にある 滝 。 日本の滝百選 の一つ。 母智丘・関之尾県立自然公園 に属する。","https://ja.wikipedia.org/wiki/関之尾滝","日本の滝百選","https://ja.wikipedia.org/wiki/日本の滝百選","表形式","北緯31度45分40秒東経130度59分14秒","都城市（宮崎県、日本）","北緯31度45分40秒東経130度59分14秒﻿ / ﻿北緯31.76111度 東経130.98722度﻿ /31.76111; 130.98722﻿ (関之尾滝)座標:北緯31度45分40秒東経130度59分14秒﻿ / ﻿北緯31.76111度 東経130.98722度﻿ /31.76111; 130.98722﻿ (関之尾滝)","18m","大淀川水系庄内川","40m","","","","","","","","","","","","","",""
"矢研の滝","[95矢研の滝都農町] 矢研の滝 （やとぎのたき）は 宮崎県 児湯郡 都農町 にある 滝 。 日本の滝百選 に選定されている。","https://ja.wikipedia.org/wiki/矢研の滝","日本の滝百選","https://ja.wikipedia.org/wiki/日本の滝百選","表形式","北緯32度17分35秒東経131度28分14秒","宮崎県児湯郡都農町尾鈴","北緯32度17分35秒東経131度28分14秒﻿ / ﻿北緯32.29306度 東経131.47056度﻿ /32.29306; 131.47056","73m","名貫川","","","","","","","","","","","","","","",""
"行縢（むかばき）の滝","[96行縢（むかばき）の滝延岡市] むかばきの滝 （むかばきのたき）通称 行縢の滝 は、 宮崎県 延岡市 行縢町の行縢川にかかる 日本の滝百選 に選定されている 滝 である。 祖母傾国定公園 および 祖母傾県立自然公園 に指定されている。","https://ja.wikipedia.org/wiki/むかばきの滝","日本の滝百選","https://ja.wikipedia.org/wiki/日本の滝百選","表形式","北緯32度37分31秒東経131度34分52秒","宮崎県延岡市","北緯32度37分31秒東経131度34分52秒﻿ / ﻿北緯32.62528度 東経131.58111度﻿ /32.62528; 131.58111","77m","五ヶ瀬川水系行縢川","30m","","","","","","","","","","","","","",""
"真名井の滝","[97真名井の滝高千穂町] 真名井の滝 （まないのたき）は、高千穂峡の川幅が狭まった部分に流れ落ちる 滝 である。 日本の滝百選 の一つ。","https://ja.wikipedia.org/wiki/高千穂峡#真名井の滝","日本の滝百選","https://ja.wikipedia.org/wiki/日本の滝百選","表形式","北緯32度42分3秒東経131度18分2秒","宮崎県高千穂町","北緯32度42分3秒東経131度18分2秒﻿ / ﻿北緯32.70083度 東経131.30056度﻿ /32.70083; 131.30056","17m","五ヶ瀬川","","","","","","","","","","","","","","",""
"龍門滝","[98龍門滝鹿児島県姶良市] 龍門滝 （りゅうもんだき）は、 鹿児島県 姶良市 加治木町 を流れる 網掛川 中流にある高さ46メートル、幅43メートルの 滝 。 日本の滝百選 に選ばれている。「 龍門の滝 」（りゅうもんのたき）とも呼ばれる。","https://ja.wikipedia.org/wiki/龍門滝","日本の滝百選","https://ja.wikipedia.org/wiki/日本の滝百選","表形式","北緯31度45分09秒東経130度40分07秒","鹿児島県姶良市加治木町","北緯31度45分09秒東経130度40分07秒﻿ / ﻿北緯31.75250度 東経130.66861度﻿ /31.75250; 130.66861","46m","網掛川","43m","","","","","","","","","","","","","",""
"大川の滝","[99大川の滝屋久島町] 大川の滝 （おおこのたき）は、 屋久島 にある 滝 。 日本の滝百選 に選定されている。","https://ja.wikipedia.org/wiki/大川の滝","日本の滝百選","https://ja.wikipedia.org/wiki/日本の滝百選","表形式","北緯30度17分59.95秒東経130度24分50.89秒","鹿児島県熊毛郡屋久島町栗生","北緯30度17分59.95秒東経130度24分50.89秒﻿ / ﻿北緯30.2999861度 東経130.4141361度﻿ /30.2999861; 130.4141361","88m","大川","","","","","","","","","","","","","","",""
"マリユドゥの滝","[100マリユドゥの滝沖縄県竹富町] マリユドゥの滝 （マリユドゥのたき）は、 沖縄県 八重山郡 竹富町 の 西表島 を流れる 浦内川 にある 滝 である。 日本の滝百選 に選ばれている  。","https://ja.wikipedia.org/wiki/マリユドゥの滝","日本の滝百選","https://ja.wikipedia.org/wiki/日本の滝百選","表形式","北緯24度21分25.9秒東経123度48分11.5秒","沖縄県八重山郡竹富町上原870-3","北緯24度21分25.9秒東経123度48分11.5秒﻿ / ﻿北緯24.357194度 東経123.803194度﻿ /24.357194; 123.803194﻿ (マリユドゥの滝)座標:北緯24度21分25.9秒東経123度48分11.5秒﻿ / ﻿北緯24.357194度 東経123.803194度﻿ /24.357194; 123.803194﻿ (マリユドゥの滝)","16m","浦内川","20m","","","","","","","","","","","","","",""
