"タイトル","コメント","URL","親リストタイトル","親リストURL","一覧抽出方法","座標","所在地","登録路線","登録回","登録日","外部リンク","開駅日","営業時間","Hidden","Hidden","Hidden","Hidden","Hidden","Hidden","Hidden","Hidden","Hidden","Hidden","Hidden","Hidden"
"道の駅原鶴","はらづる原鶴（はらづる）朝倉市国道386号福岡-01 ","https://ja.wikipedia.org/wiki/道の駅原鶴","道の駅一覧_九州地方","https://ja.wikipedia.org/wiki/道の駅一覧_九州地方","表形式","北緯33度21分14秒東経130度47分07秒","〒838-1514福岡県朝倉市杷木久喜宮1663-1","国道386号","第10回（40002）","1996年4月16日","国土交通省案内ページ全国道の駅連絡会ページ公式ウェブサイト","不明","8:00 - 17:30","","","","","","","","","","","",""
"道の駅豊前おこしかけ","ぶぜんおこしかけ豊前おこしかけ（ぶぜんおこしかけ）豊前市国道10号国道10号椎田道路福岡-02 ","https://ja.wikipedia.org/wiki/道の駅豊前おこしかけ","道の駅一覧_九州地方","https://ja.wikipedia.org/wiki/道の駅一覧_九州地方","表形式","北緯33度36分51秒東経131度06分03秒","〒828-0011福岡県豊前市大字四郎丸1041-1","国道10号","第14回（40002）","1998年4月17日","国土交通省案内ページ全国道の駅連絡会ページ公式ウェブサイト","2000年3月","8:00 - 19:00（4 - 10月）8:00 - 18:00（11 - 3月）","","","","","","","","","","","",""
"道の駅小石原","こいしわら小石原（こいしわら）朝倉郡東峰村国道211号福岡-03 ","https://ja.wikipedia.org/wiki/道の駅小石原","道の駅一覧_九州地方","https://ja.wikipedia.org/wiki/道の駅一覧_九州地方","表形式","北緯33度27分55秒東経130度49分33秒","〒838-1601福岡県朝倉郡東峰村大字小石原941番地3","国道211号","第14回（40008）","1998年4月17日","国土交通省案内ページ全国道の駅連絡会ページ","不明","9:00 - 18:00（4 - 10月、平日）9:00 - 19:00（4 - 10月、土日祝）9:00 - 17:00（11 - 3月）","","","","","","","","","","","",""
"道の駅しんよしとみ","しんよしとみ築上郡上毛町国道10号福岡-04 ","https://ja.wikipedia.org/wiki/道の駅しんよしとみ","道の駅一覧_九州地方","https://ja.wikipedia.org/wiki/道の駅一覧_九州地方","表形式","北緯33度35分20秒東経131度09分16秒","〒871-0902福岡県築上郡上毛町大字大ノ瀬304-1","国道10号","第15回（40004）","1999年8月27日","国土交通省案内ページ全国道の駅連絡会ページ公式ウェブサイト","2001年","8:00 - 18:008:00 - 19:00（6 - 8月）","","","","","","","","","","","",""
"道の駅うきは","うきはうきは市国道210号福岡-05 ","https://ja.wikipedia.org/wiki/道の駅うきは","道の駅一覧_九州地方","https://ja.wikipedia.org/wiki/道の駅一覧_九州地方","表形式","北緯33度20分03秒東経130度49分06秒","〒839-1408福岡県うきは市浮羽町山北729-2","国道210号","第15回（40005）","1999年（平成11年）8月27日","国土交通省案内ページ全国道の駅連絡会ページ公式ウェブサイト","","9:00 - 18:00","","","","","","","","","","","",""
"道の駅おおむた","おおむた大牟田市県道10号南関大牟田北線福岡-06 ","https://ja.wikipedia.org/wiki/道の駅おおむた","道の駅一覧_九州地方","https://ja.wikipedia.org/wiki/道の駅一覧_九州地方","表形式","北緯33度04分24秒東経130度31分56秒","〒837-0907福岡県大牟田市四箇新町2-1","熊本県道・福岡県道10号南関大牟田北線","第16回（40006）","2000年8月18日","国土交通省案内ページ全国道の駅連絡会ページ公式ウェブサイト","2000年[1]不明","9:00 - 18:00","","","","","","","","","","","",""
"道の駅たちばな","たちばな八女市国道3号福岡-07 ","https://ja.wikipedia.org/wiki/道の駅たちばな","道の駅一覧_九州地方","https://ja.wikipedia.org/wiki/道の駅一覧_九州地方","表形式","北緯33度11分15秒東経130度36分37秒","〒834-0073福岡県八女市立花町下辺春315番地1","国道3号","第20回（40007）","2004年8月9日","国土交通省案内ページ全国道の駅連絡会ページ公式ウェブサイト","2005年2月","9:00 - 18:00","","","","","","","","","","","",""
"道の駅うすい","うすい嘉麻市県道90号穂波嘉穂線福岡-08 ","https://ja.wikipedia.org/wiki/道の駅うすい","道の駅一覧_九州地方","https://ja.wikipedia.org/wiki/道の駅一覧_九州地方","表形式","北緯33度33分50秒東経130度42分48秒","〒839-1408福岡県嘉麻市上臼井328番地1","福岡県道90号穂波嘉穂線","第21回（40008）","2005年8月10日","国土交通省案内ページ全国道の駅連絡会ページ公式ウェブサイト","2005年11月5日","9:30 - 18:30","","","","","","","","","","","",""
"道の駅歓遊舎ひこさん","かんゆうしゃひこさん歓遊舎ひこさん（かんゆうしゃひこさん）田川郡添田町県道52号八女香春線福岡-09歓遊舎ひこさん駅に併設","https://ja.wikipedia.org/wiki/道の駅歓遊舎ひこさん","道の駅一覧_九州地方","https://ja.wikipedia.org/wiki/道の駅一覧_九州地方","表形式","北緯33度32分58秒東経130度51分36秒","〒824-0604福岡県田川郡添田町大字野田1113番1","福岡県道52号","第21回（40009）","2005年8月10日","国土交通省案内ページ全国道の駅連絡会ページ公式ウェブサイト","2005年8月10日","9:00 - 18:00","","","","","","","","","","","",""
"道の駅むなかた","むなかた宗像市国道495号福岡-10 ","https://ja.wikipedia.org/wiki/道の駅むなかた","道の駅一覧_九州地方","https://ja.wikipedia.org/wiki/道の駅一覧_九州地方","表形式","北緯33度50分54秒東経130度30分12秒","〒811-3502福岡県宗像市江口1172","国道495号","第25回（40010）","2008年4月4日","国土交通省案内ページ全国道の駅連絡会ページ公式ウェブサイト","2008年4月12日","9:00 - 17:00","","","","","","","","","","","",""
"道の駅くるめ","くるめ久留米市国道210号福岡-11 ","https://ja.wikipedia.org/wiki/道の駅くるめ","道の駅一覧_九州地方","https://ja.wikipedia.org/wiki/道の駅一覧_九州地方","表形式","北緯33度19分09秒東経130度35分39秒","〒839-0822福岡県久留米市善導寺町木塚","国道210号","第27回（40011）","2008年5月19日","国土交通省案内ページ全国道の駅連絡会ページ公式ウェブサイト","2008年5月31日","9:00 - 18:00","","","","","","","","","","","",""
"道の駅香春","かわら香春（かわら）田川郡香春町国道201号福岡-12 ","https://ja.wikipedia.org/wiki/道の駅香春","道の駅一覧_九州地方","https://ja.wikipedia.org/wiki/道の駅一覧_九州地方","表形式","北緯33度40分36秒東経130度51分35秒","〒822-1402福岡県田川郡香春町大字鏡山1870番地1","国道201号","第32回（40012）","2009年7月31日","国土交通省案内ページ全国道の駅連絡会ページ公式ウェブサイト","2009年10月25日","9:00 - 19:00","","","","","","","","","","","",""
"道の駅おおき","おおき三潴郡大木町国道442号福岡-13 ","https://ja.wikipedia.org/wiki/道の駅おおき","道の駅一覧_九州地方","https://ja.wikipedia.org/wiki/道の駅一覧_九州地方","表形式","北緯33度13分05秒東経130度26分17秒","〒830-0405福岡県三潴郡大木町大字横溝1331番地1","国道442号","第33回（40013）","2010年3月1日","国土交通省案内ページ全国道の駅連絡会ページ公式ウェブサイト","2010年4月6日","9:30 - 18:00（10 - 3月）9:30 - 18:30（4 - 9月）","","","","","","","","","","","",""
"道の駅おおとう桜街道","おおとう桜街道（おおとうさくらかいどう）田川郡大任町県道52号八女香春線福岡-14 ","https://ja.wikipedia.org/wiki/道の駅おおとう桜街道","道の駅一覧_九州地方","https://ja.wikipedia.org/wiki/道の駅一覧_九州地方","表形式","北緯33度37分32秒東経130度50分45秒","〒824-0511福岡県田川郡大任町大字今任原1339","福岡県道52号","第34回（40014）","2010年8月9日","国土交通省案内ページ全国道の駅連絡会ページ","2010年10月16日","9:00 - 18:30","","","","","","","","","","","",""
"道の駅みやま","みやまみやま市国道443号三橋瀬高バイパス福岡-15 ","https://ja.wikipedia.org/wiki/道の駅みやま","道の駅一覧_九州地方","https://ja.wikipedia.org/wiki/道の駅一覧_九州地方","表形式","北緯33度08分50秒東経130度29分03秒","〒835-0019福岡県みやま市瀬高町大江2328","国道443号","第35回（40015）","2011年3月3日","国土交通省案内ページ全国道の駅連絡会ページ公式ウェブサイト","2011年3月27日[1]","9:00 - 18:00","","","","","","","","","","","",""
"道の駅いとだ","いとだ田川郡糸田町国道201号福岡-16 ","https://ja.wikipedia.org/wiki/道の駅いとだ","道の駅一覧_九州地方","https://ja.wikipedia.org/wiki/道の駅一覧_九州地方","表形式","北緯33度38分32秒東経130度45分53秒","〒822-1300福岡県田川郡糸田町162-4","国道201号","第35回（40016）","2011年3月3日","国土交通省案内ページ全国道の駅連絡会ページ公式ウェブサイト","2011年4月15日","9:00 - 18:00（農産物直売所）10:00 - 19:00（飲食コーナー)","","","","","","","","","","","",""
"道の駅筑前みなみの里","ちくぜんみなみのさと筑前みなみの里（ちくぜんみなみのさと）朝倉郡筑前町県道77号筑紫野三輪線福岡-17 ","https://ja.wikipedia.org/wiki/道の駅筑前みなみの里","道の駅一覧_九州地方","https://ja.wikipedia.org/wiki/道の駅一覧_九州地方","表形式","北緯33度28分01.4秒東経130度37分28.4秒","〒838-0205福岡県朝倉郡筑前町三並866","福岡県道77号筑紫野三輪線","第51回（40017）","2019年6月19日[1]","全国道の駅連絡会ページ公式ウェブサイト","2020年4月24日[2]","","","","","","","","","","","","",""
"道の駅鹿島","かしま鹿島（かしま）鹿島市国道207号佐賀-01 ","https://ja.wikipedia.org/wiki/道の駅鹿島","道の駅一覧_九州地方","https://ja.wikipedia.org/wiki/道の駅一覧_九州地方","表形式","北緯33度04分30秒東経130度08分45秒","〒849-1323佐賀県鹿島市大字音成甲4427-6","国道207号","第5回（41001）","1994年4月26日","国土交通省案内ページ全国道の駅連絡会ページ公式ウェブサイト","1994年6月","8:30 - 17:30（2月 - 10月）8:30 - 17:00（11月 - 1月）","","","","","","","","","","","",""
"道の駅厳木","きゅうらぎ厳木（きゅうらぎ）唐津市国道203号佐賀-02 ","https://ja.wikipedia.org/wiki/道の駅厳木","道の駅一覧_九州地方","https://ja.wikipedia.org/wiki/道の駅一覧_九州地方","表形式","北緯33度18分40秒東経130度04分19秒","〒849-3113佐賀県唐津市厳木町牧瀬692-1","国道203号","第6回（41002）","1994年8月4日","国土交通省案内ページ全国道の駅連絡会ページ","1995年3月","8:00 - 18:00","","","","","","","","","","","",""
"道の駅伊万里","いまり伊万里（いまり）伊万里市国道202号佐賀-03 ","https://ja.wikipedia.org/wiki/道の駅伊万里","道の駅一覧_九州地方","https://ja.wikipedia.org/wiki/道の駅一覧_九州地方","表形式","北緯33度18分49秒東経129度55分45秒","〒848-0007佐賀県伊万里市南波多町井手野2754番地9","国道202号","第8回（41003）","1995年4月11日","国土交通省案内ページ全国道の駅連絡会ページ公式ウェブサイト","1995年10月","8:00 - 17:30","","","","","","","","","","","",""
"道の駅桃山天下市","ももやまてんかいち桃山天下市（ももやまてんかいち）唐津市国道204号佐賀-04 ","https://ja.wikipedia.org/wiki/道の駅桃山天下市","道の駅一覧_九州地方","https://ja.wikipedia.org/wiki/道の駅一覧_九州地方","表形式","北緯33度31分44秒東経129度52分24秒","〒847-0401佐賀県唐津市鎮西町名護屋1859","国道204号","第12回（41004）","1997年4月11日","国土交通省案内ページ全国道の駅連絡会ページ公式ウェブサイト","1996年11月","9：00 - 18:00","","","","","","","","","","","",""
"道の駅山内","やまうち山内（やまうち）武雄市国道35号佐賀-05 ","https://ja.wikipedia.org/wiki/道の駅山内","道の駅一覧_九州地方","https://ja.wikipedia.org/wiki/道の駅一覧_九州地方","表形式","北緯33度11分30秒東経129度57分22秒","〒849-2303佐賀県武雄市山内町大字三間坂甲14697-2","国道35号","第14回（41005）","1998年4月17日","国土交通省案内ページ全国道の駅連絡会ページ公式ウェブサイト","1998年4月17日","8:30 - 18:00","","","","","","","","","","","",""
"道の駅大和","やまと大和（やまと）佐賀市国道263号佐賀-06 ","https://ja.wikipedia.org/wiki/道の駅大和","道の駅一覧_九州地方","https://ja.wikipedia.org/wiki/道の駅一覧_九州地方","表形式","北緯33度20分20秒東経130度15分28秒","〒840-0203佐賀県佐賀市大和町梅野805","国道263号","第18回（41006）","2002年8月13日","国土交通省案内ページ全国道の駅連絡会ページ公式ウェブサイト","不明","9:00 - 18:00","","","","","","","","","","","",""
"道の駅吉野ヶ里","よしのがり吉野ヶ里（よしのがり）神埼郡吉野ヶ里町国道385号佐賀-07 ","https://ja.wikipedia.org/wiki/道の駅吉野ヶ里","道の駅一覧_九州地方","https://ja.wikipedia.org/wiki/道の駅一覧_九州地方","表形式","北緯33度22分50秒東経130度23分50秒","〒842-0101佐賀県神埼郡吉野ヶ里町松隈1710-11","国道385号","第23回（41007）","2007年3月1日","国土交通省案内ページ全国道の駅連絡会ページ","2007年5月10日","9:00 - 18:00","","","","","","","","","","","",""
"道の駅太良","たら太良（たら）藤津郡太良町国道207号佐賀-08 ","https://ja.wikipedia.org/wiki/道の駅太良","道の駅一覧_九州地方","https://ja.wikipedia.org/wiki/道の駅一覧_九州地方","表形式","北緯33度02分50秒東経130度10分10秒","〒849-1601佐賀県藤津郡太良町大字伊福甲3488-2","国道207号","第23回（41008）","2007年3月1日","国土交通省案内ページ全国道の駅連絡会ページ公式ウェブサイト","2007年4月27日","9:00 - 18:00","","","","","","","","","","","",""
"道の駅しろいし","しろいし杵島郡白石町県道36号武雄福富線佐賀-09 ","https://ja.wikipedia.org/wiki/道の駅しろいし","道の駅一覧_九州地方","https://ja.wikipedia.org/wiki/道の駅一覧_九州地方","表形式","北緯33度10分37秒東経130度11分46秒","〒849-0402佐賀県杵島郡白石町大字福富下分306-4","佐賀県道36号武雄福富線","第46回（41009）","2016年10月7日[1]","国土交通省案内ページ全国道の駅連絡会ページ公式ウェブサイト","2019年6月1日[2][3]","9:00 - 18:00","","","","","","","","","","","",""
"道の駅生月大橋","いきつきおおはし生月大橋（いきつきおおはし）平戸市県道42号平戸生月線長崎-01 ","https://ja.wikipedia.org/wiki/道の駅生月大橋","道の駅一覧_九州地方","https://ja.wikipedia.org/wiki/道の駅一覧_九州地方","表形式","北緯33度21分19秒東経129度26分01秒","〒859-5706長崎県平戸市生月町南免4375-1","長崎県道42号","第1回（42001）","1993年10月20日","国土交通省案内ページ全国道の駅連絡会ページ","不明","8:30 - 17:30","","","","","","","","","","","",""
"道の駅みずなし本陣ふかえ","みずなし本陣ふかえ（みずなしほんじんふかえ）南島原市国道251号長崎-02 ","https://ja.wikipedia.org/wiki/道の駅みずなし本陣ふかえ","道の駅一覧_九州地方","https://ja.wikipedia.org/wiki/道の駅一覧_九州地方","表形式","北緯32度44分20秒東経130度22分00秒","〒859-1504長崎県南島原市深江町丁6077番地","国道251号","第14回（42002）","1998年4月17日","国土交通省案内ページ全国道の駅連絡会ページ公式ウェブサイト","不明","8:30 - 17:00","","","","","","","","","","","",""
"道の駅昆虫の里たびら","こんちゅうのさとたびら昆虫の里たびら（こんちゅうのさとたびら）平戸市国道204号長崎-03 ","https://ja.wikipedia.org/wiki/道の駅昆虫の里たびら","道の駅一覧_九州地方","https://ja.wikipedia.org/wiki/道の駅一覧_九州地方","表形式","北緯33度19分03秒東経129度36分11秒","〒859-4813長崎県平戸市田平町深月免521番地","国道204号","第16回（42003）","2000年8月18日","国土交通省案内ページ全国道の駅連絡会ページ","2001年8月1日","9:00 - 18:00","","","","","","","","","","","",""
"道の駅彼杵の荘","そのぎのしょう彼杵の荘（そのぎのしょう）東彼杵郡東彼杵町国道205号長崎-04 ","https://ja.wikipedia.org/wiki/道の駅彼杵の荘","道の駅一覧_九州地方","https://ja.wikipedia.org/wiki/道の駅一覧_九州地方","表形式","北緯33度02分09秒東経129度55分12秒","〒859-3807長崎県東彼杵郡東彼杵町彼杵宿郷747-2","国道205号","第17回（42004）","2001年8月21日","国土交通省案内ページ全国道の駅連絡会ページ","不明","7:00 - 19:00（店舗・売店）","","","","","","","","","","","",""
"道の駅さいかい","さいかい西海市県道43号西彼太田和港線長崎-05 ","https://ja.wikipedia.org/wiki/道の駅さいかい","道の駅一覧_九州地方","https://ja.wikipedia.org/wiki/道の駅一覧_九州地方","表形式","北緯33度02分35秒東経129度41分44秒","〒851-3504長崎県西海市西海町木場郷488-1","長崎県道43号","第19回（42005）","2003年8月8日","国土交通省案内ページ全国道の駅連絡会ページ","2004年4月1日","9:00 - 18:00（4 - 9月）9:00 - 17:00（10 - 3月）","","","","","","","","","","","",""
"道の駅夕陽が丘そとめ","ゆうひがおかそとめ夕陽が丘そとめ（ゆうひがおかそとめ）長崎市国道202号長崎-06 ","https://ja.wikipedia.org/wiki/道の駅夕陽が丘そとめ","道の駅一覧_九州地方","https://ja.wikipedia.org/wiki/道の駅一覧_九州地方","表形式","北緯32度50分09秒東経129度42分13秒","〒851-2327長崎県長崎市東出津町149番地2","国道202号","第21回（42006）","2005年10月20日","国土交通省案内ページ全国道の駅連絡会ページ公式ウェブサイト","2006年4月1日","8:30 - 18:00（店舗・売店）","","","","","","","","","","","",""
"道の駅松浦海のふるさと館","まつうらうみのふるさとかん松浦海のふるさと館（まつうらうみのふるさとかん）松浦市国道204号長崎-07 ","https://ja.wikipedia.org/wiki/道の駅松浦海のふるさと館","道の駅一覧_九州地方","https://ja.wikipedia.org/wiki/道の駅一覧_九州地方","表形式","北緯33度20分55秒東経129度42分06秒","〒859-4507長崎県松浦市志佐町庄野免226-30","国道204号","第21回（42007）","2005年8月10日","国土交通省案内ページ全国道の駅連絡会ページ公式ウェブサイト","2005年8月10日","8:30 - 19:00","","","","","","","","","","","",""
"道の駅遣唐使ふるさと館","けんとうしふるさとかん遣唐使ふるさと館（けんとうしふるさとかん）五島市国道384号長崎-08 ","https://ja.wikipedia.org/wiki/道の駅遣唐使ふるさと館","道の駅一覧_九州地方","https://ja.wikipedia.org/wiki/道の駅一覧_九州地方","表形式","北緯32度44分18秒東経128度41分25秒","〒853-0601長崎県五島市三井楽町浜ノ畔3150-1","国道384号","第22回（42008）","2006年8月10日","国土交通省案内ページ全国道の駅連絡会ページ公式ウェブサイト","2006年8月10日","9:00 - 18:00","","","","","","","","","","","",""
"道の駅鷹ら島","たからじま鷹ら島（たからじま）松浦市県道109号鷹島肥前線長崎-09 ","https://ja.wikipedia.org/wiki/道の駅鷹ら島","道の駅一覧_九州地方","https://ja.wikipedia.org/wiki/道の駅一覧_九州地方","表形式","北緯33度26分02秒東経129度46分57秒","〒859-4303長崎県松浦市鷹島町神崎免1636番地","長崎県道・佐賀県道109号鷹島肥前線","第30回（42009）","2009年3月12日","国土交通省案内ページ全国道の駅連絡会ページ公式ウェブサイト","2009年4月","8:30 - 18:30","","","","","","","","","","","",""
"道の駅させぼっくす 99","させぼっくす 99（させぼっくすないんてぃーないん）佐世保市国道497号長崎-10.mw-parser-output .jaexpsign{text-align:center;background-color:#00702C;color:white}.mw-parser-output .jaroadsign{text-align:center;background-color:blue;color:white}.mw-parser-output .roadname{width:250px;border-radius:10px;padding:1em;margin:0.2em auto}.mw-parser-output .roadname p{margin:5px auto}.mw-parser-output .routenumber{display:inline-block;min-width:2em;border-radius:4px;padding-left:0.25em;padding-right:0.25em;font-weight:bold}E35西九州自動車道相浦中里ICに併設","https://ja.wikipedia.org/wiki/道の駅させぼっくす_99","道の駅一覧_九州地方","https://ja.wikipedia.org/wiki/道の駅一覧_九州地方","表形式","北緯33度12分06秒東経129度40分19秒","〒858-0917長崎県佐世保市愛宕町11番地",".mw-parser-output .jaexpsign{text-align:center;background-color:#00702C;color:white}.mw-parser-output .jaroadsign{text-align:center;background-color:blue;color:white}.mw-parser-output .roadname{width:250px;border-radius:10px;padding:1em;margin:0.2em auto}.mw-parser-output .roadname p{margin:5px auto}.mw-parser-output .routenumber{display:inline-block;min-width:2em;border-radius:4px;padding-left:0.25em;padding-right:0.25em;font-weight:bold}E35西九州自動車道（国道497号）","第44回（42010）","2015年11月5日","国土交通省案内ページ全国道の駅連絡会ページ公式ウェブサイト","2016年4月24日","","","","","","","","","","","","",""
"道の駅長崎街道鈴田峠","ながさきかいどうすずたとうげ長崎街道鈴田峠（ながさきかいどうすずたとうげ）大村市国道34号長崎-11 ","https://ja.wikipedia.org/wiki/道の駅長崎街道鈴田峠","道の駅一覧_九州地方","https://ja.wikipedia.org/wiki/道の駅一覧_九州地方","表形式","北緯32度53分08秒東経130度00分26秒","〒856-0842長崎県大村市中里町452番地22","国道34号","第44回（42011）","2015年11月5日","国土交通省案内ページ全国道の駅連絡会ページ公式ウェブサイト","2016年3月24日","9:00 - 18:00","","","","","","","","","","","",""
"道の駅小国","おぐに小国（おぐに）阿蘇郡小国町国道387号国道442号熊本-01 「道の駅小国ゆうステーション」と表記されることもある[1]","https://ja.wikipedia.org/wiki/道の駅小国","道の駅一覧_九州地方","https://ja.wikipedia.org/wiki/道の駅一覧_九州地方","表形式","北緯33度07分23秒東経131度03分53秒","〒869-2501熊本県阿蘇郡小国町大字宮原1754-17","国道387号・国道442号","第1回（43001）","1993年4月22日","国土交通省案内ページ全国道の駅連絡会ページ","1985年","8:30- 18:00","","","","","","","","","","","",""
"道の駅波野","なみの波野（なみの）阿蘇市国道57号熊本-02 ","https://ja.wikipedia.org/wiki/道の駅波野","道の駅一覧_九州地方","https://ja.wikipedia.org/wiki/道の駅一覧_九州地方","表形式","北緯32度57分36秒東経131度11分50秒","〒869-2801熊本県阿蘇市波野小地野1602","国道57号","第1回（43002）","1993年4月22日","国土交通省案内ページ全国道の駅連絡会ページ公式ウェブサイト","不明","9:00 - 18:30","","","","","","","","","","","",""
"道の駅旭志","きょくし旭志（きょくし）菊池市国道325号熊本-03 ","https://ja.wikipedia.org/wiki/道の駅旭志","道の駅一覧_九州地方","https://ja.wikipedia.org/wiki/道の駅一覧_九州地方","表形式","北緯32度41分26秒東経131度05分29秒","〒869-1205熊本県菊池市旭志川辺1886番地","国道325号","第1回（43003）","1993年4月22日","国土交通省案内ページ全国道の駅連絡会ページ公式ウェブサイト","不明","9:00 - 18:00","","","","","","","","","","","",""
"道の駅大津","おおづ大津（おおづ）菊池郡大津町国道57号熊本-04 ","https://ja.wikipedia.org/wiki/道の駅大津","道の駅一覧_九州地方","https://ja.wikipedia.org/wiki/道の駅一覧_九州地方","表形式","北緯32度52分51秒東経130度53分28秒","〒869-1234熊本県菊池郡大津町大字引水759","国道57号","第3回（43004）","1993年11月24日","国土交通省案内ページ全国道の駅連絡会ページ","不明","9:00 - 18:30","","","","","","","","","","","",""
"道の駅坂本","さかもと坂本（さかもと）八代市国道219号熊本-05 ","https://ja.wikipedia.org/wiki/道の駅坂本","道の駅一覧_九州地方","https://ja.wikipedia.org/wiki/道の駅一覧_九州地方","表形式","北緯32度25分36秒東経130度38分27秒","〒869-6115熊本県八代市坂本町荒瀬1239-1","国道219号","第5回（43005）","1994年4月26日","国土交通省案内ページ全国道の駅連絡会ページ公式ウェブサイト","不明","10:00 - 17:00","","","","","","","","","","","",""
"道の駅不知火","しらぬひ不知火（しらぬひ）宇城市国道266号熊本-06 ","https://ja.wikipedia.org/wiki/道の駅不知火","道の駅一覧_九州地方","https://ja.wikipedia.org/wiki/道の駅一覧_九州地方","表形式","北緯32度38分02秒東経130度37分45秒","〒869-3471熊本県宇城市不知火町永尾1910-1","国道266号","第5回（43006）","1994年4月26日","国土交通省案内ページ全国道の駅連絡会ページ公式ウェブサイト","不明","10:00 - 19:00","","","","","","","","","","","",""
"道の駅有明","ありあけ有明（ありあけ）天草市国道324号熊本-07 ","https://ja.wikipedia.org/wiki/道の駅有明","道の駅一覧_九州地方","https://ja.wikipedia.org/wiki/道の駅一覧_九州地方","表形式","北緯32度30分20秒東経130度18分21秒","〒861-7311熊本県天草市有明町上津浦1955","国道324号","第8回（43007）","1995年4月11日","国土交通省案内ページ全国道の駅連絡会ページ公式ウェブサイト","不明","9:00 - 18:00","","","","","","","","","","","",""
"道の駅鹿北","かほく鹿北（かほく）山鹿市国道3号熊本-08 ","https://ja.wikipedia.org/wiki/道の駅鹿北","道の駅一覧_九州地方","https://ja.wikipedia.org/wiki/道の駅一覧_九州地方","表形式","北緯33度06分49秒東経130度40分07秒","〒861-0603熊本県山鹿市鹿北町岩野4186-130","国道3号","第10回（43008）","1996年4月16日","国土交通省案内ページ全国道の駅連絡会ページ公式ウェブサイト","不明","9:00 - 19:00（4月 - 10月）9:00 - 18:00（11月 - 3月）","","","","","","","","","","","",""
"道の駅七城メロンドーム","しちじょうメロンドーム七城メロンドーム（しちじょうメロンドーム）菊池市国道325号熊本-09 ","https://ja.wikipedia.org/wiki/道の駅七城メロンドーム","道の駅一覧_九州地方","https://ja.wikipedia.org/wiki/道の駅一覧_九州地方","表形式","北緯32度58分50秒東経130度46分13秒","〒861-1368熊本県菊池市七城町岡田306","国道325号","第15回（43009）","1999年8月27日","国土交通省案内ページ全国道の駅連絡会ページ公式ウェブサイト","不明","9:00 - 18:00","","","","","","","","","","","",""
"道の駅泗水","しすい泗水（しすい）菊池市国道387号熊本-10 ","https://ja.wikipedia.org/wiki/道の駅泗水","道の駅一覧_九州地方","https://ja.wikipedia.org/wiki/道の駅一覧_九州地方","表形式","北緯32度55分30秒東経130度46分17秒","〒861-1212熊本県菊池市泗水町豊水3393","国道387号","第15回（43010）","1998年8月27日","国土交通省案内ページ全国道の駅連絡会ページ公式ウェブサイト","不明","9:00 - 18:00","","","","","","","","","","","",""
"道の駅きくすい","きくすい玉名郡和水町県道16号玉名山鹿線熊本-11 ","https://ja.wikipedia.org/wiki/道の駅きくすい","道の駅一覧_九州地方","https://ja.wikipedia.org/wiki/道の駅一覧_九州地方","表形式","北緯32度58分24秒東経130度36分08秒","〒865-0136熊本県玉名郡和水町江田455","熊本県道16号","第8回（43007）","1995年4月11日","国土交通省案内ページ全国道の駅連絡会ページ公式ウェブサイト","不明","9:00 - 20:00","","","","","","","","","","","",""
"道の駅清和文楽邑","せいわぶんらくむら清和文楽邑（せいわぶんらくむら）上益城郡山都町国道218号熊本-12 ","https://ja.wikipedia.org/wiki/道の駅清和文楽邑","道の駅一覧_九州地方","https://ja.wikipedia.org/wiki/道の駅一覧_九州地方","表形式","北緯32度41分26秒東経131度05分29秒","〒861-3811熊本県上益城郡山都町大平152番地","国道218号","第16回（43012）","2000年8月18日","国土交通省案内ページ全国道の駅連絡会ページ","不明","9:00 - 17:00","","","","","","","","","","","",""
"道の駅通潤橋","つうじゅんきょう通潤橋（つうじゅんきょう）上益城郡山都町国道218号熊本-13 ","https://ja.wikipedia.org/wiki/道の駅通潤橋","道の駅一覧_九州地方","https://ja.wikipedia.org/wiki/道の駅一覧_九州地方","表形式","北緯32度40分53秒東経130度59分30秒","〒861-3513熊本県上益城郡山都町大字下市184-1","国道218号","第16回（43013）","2000年8月18日","国土交通省案内ページ全国道の駅連絡会ページ","不明","9:00 - 17:30","","","","","","","","","","","",""
"道の駅竜北","りゅうほく竜北（りゅうほく）八代郡氷川町国道3号熊本-14 ","https://ja.wikipedia.org/wiki/道の駅竜北","道の駅一覧_九州地方","https://ja.wikipedia.org/wiki/道の駅一覧_九州地方","表形式","北緯32度34分37秒東経130度41分41秒","〒869-4804熊本県八代郡氷川町大野875-3","国道3号","第18回（43014）","2002年8月13日","国土交通省案内ページ全国道の駅連絡会ページ公式ウェブサイト","2002年9月","9:00 - 18:00","","","","","","","","","","","",""
"道の駅錦","にしき錦（にしき）球磨郡錦町国道219号熊本-15 ","https://ja.wikipedia.org/wiki/道の駅錦","道の駅一覧_九州地方","https://ja.wikipedia.org/wiki/道の駅一覧_九州地方","表形式","北緯32度12分22秒東経130度50分42秒","〒868-0302熊本県球磨郡錦町大字一武1544番地1","国道219号","第18回（43015）","2002年8月13日","国土交通省案内ページ全国道の駅連絡会ページ","2003年1月","9:00 - 18:00","","","","","","","","","","","",""
"道の駅たのうら","たのうら葦北郡芦北町国道3号熊本-16E3A南九州西回り自動車道田浦ICに併設","https://ja.wikipedia.org/wiki/道の駅たのうら","道の駅一覧_九州地方","https://ja.wikipedia.org/wiki/道の駅一覧_九州地方","表形式","北緯32度21分52秒東経130度30分45秒","〒869-5302熊本県葦北郡芦北町大字田浦657番地","国道3号","第19回（43016）","2003年8月8日","国土交通省案内ページ全国道の駅連絡会ページ公式ウェブサイト","2003年8月8日","9:00 - 19:00（4 - 11月）9:00 - 18:00（12 - 3月）","","","","","","","","","","","",""
"道の駅子守唄の里五木","こもりうたのさといつき子守唄の里五木（こもりうたのさといつき）球磨郡五木村国道445号熊本-17 ","https://ja.wikipedia.org/wiki/道の駅子守唄の里五木","道の駅一覧_九州地方","https://ja.wikipedia.org/wiki/道の駅一覧_九州地方","表形式","北緯32度23分56秒東経130度49分37秒","〒868-0201熊本県球磨郡五木村甲字下手2672番地の53","国道445号","第19回（43017）","2003年8月8日","国土交通省案内ページ全国道の駅連絡会ページ公式ウェブサイト","2004年4月1日","8:00 - 18:00","","","","","","","","","","","",""
"道の駅宇土マリーナ","うとマリーナ宇土マリーナ（うとマリーナ）宇土市国道57号熊本-18 ","https://ja.wikipedia.org/wiki/道の駅宇土マリーナ","道の駅一覧_九州地方","https://ja.wikipedia.org/wiki/道の駅一覧_九州地方","表形式","北緯32度39分44秒東経130度31分21秒","〒869-3173熊本県宇土市下網田町3084番地1","国道57号","第21回（43018）","2005年8月10日","国土交通省案内ページ全国道の駅連絡会ページ","2006年4月","9:30 - 18:00（3月 - 11月）9:30 - 17:00（12月 - 2月）","","","","","","","","","","","",""
"道の駅阿蘇","あそ0阿蘇（あそ）阿蘇市国道57号熊本-19 ","https://ja.wikipedia.org/wiki/道の駅阿蘇","道の駅一覧_九州地方","https://ja.wikipedia.org/wiki/道の駅一覧_九州地方","表形式","北緯32度56分11.3秒東経131度4分51.4秒","〒869-2225熊本県阿蘇市黒川1440-1","国道57号","第27回（43019）","2008年5月19日","国土交通省案内ページ全国道の駅連絡会ページ公式ウェブサイト","2008年6月","9:00 - 18:00","","","","","","","","","","","",""
"道の駅みなまた","みなまた水俣市国道3号熊本-20 ","https://ja.wikipedia.org/wiki/道の駅みなまた","道の駅一覧_九州地方","https://ja.wikipedia.org/wiki/道の駅一覧_九州地方","表形式","北緯32度11分57秒東経130度22分54秒","〒867-0035熊本県水俣市月浦54-162","国道3号","第30回（43020）","2009年3月12日","国土交通省案内ページ全国道の駅連絡会ページ公式ウェブサイト","2009年4月","9:00 - 17:00","","","","","","","","","","","",""
"道の駅うき","うき宇城市国道3号県道181号松橋停車場線熊本-21 ","https://ja.wikipedia.org/wiki/道の駅うき","道の駅一覧_九州地方","https://ja.wikipedia.org/wiki/道の駅一覧_九州地方","表形式","北緯32度39分04秒東経130度41分52秒","〒869-0532熊本県宇城市松橋町久具757-3","熊本県道181号松橋停車場線","第33回（43021）","2010年3月1日","国土交通省案内ページ全国道の駅連絡会ページ公式ウェブサイト","2010年4月29日","9:00 - 18:00","","","","","","","","","","","",""
"そよ風パーク","そよ風パーク（そよかぜパーク）上益城郡山都町国道265号熊本-22そよ風パークに併設","https://ja.wikipedia.org/wiki/そよ風パーク","道の駅一覧_九州地方","https://ja.wikipedia.org/wiki/道の駅一覧_九州地方","表形式","北緯32度43分36秒東経131度09分48秒","〒861-3913熊本県上益城郡山都町今297","国道265号","第37回（43022）","2012年3月26日","国土交通省案内ページ全国道の駅連絡会ページ公式ウェブサイト","2012年12月","","","","","","","","","","","","",""
"大野温泉センター","おおのおんせん大野温泉（おおのおんせん）葦北郡芦北町県道27号芦北球磨線熊本-23 ","https://ja.wikipedia.org/wiki/大野温泉センター","道の駅一覧_九州地方","https://ja.wikipedia.org/wiki/道の駅一覧_九州地方","表形式","北緯32度17分24秒東経130度34分56秒","〒869-6301熊本県葦北郡芦北町大字天月1000","熊本県道27号","第37回（43023）","2012年3月26日","国土交通省案内ページ全国道の駅連絡会ページ","2012年7月20日","","","","","","","","","","","","",""
"石段の郷 佐俣の湯","みさとさまたのゆ美里「佐俣の湯」（みさとさまたのゆ）下益城郡美里町国道218号熊本-24石段の郷 佐俣の湯に併設","https://ja.wikipedia.org/wiki/石段の郷_佐俣の湯","道の駅一覧_九州地方","https://ja.wikipedia.org/wiki/道の駅一覧_九州地方","表形式","北緯32度37分26秒東経130度49分22秒","〒861-4412熊本県下益城郡美里町佐俣705","国道218号","第40回（43024）","2013年10月11日","国土交通省案内ページ全国道の駅連絡会ページ公式ウェブサイト","2014年3月8日","10:00-21:30","","","","","","","","","","","",""
"道の駅上天草さんぱーる","かみあまくささんぱーる上天草さんぱーる（かみあまくささんぱーる）上天草市国道266号熊本-25 ","https://ja.wikipedia.org/wiki/道の駅上天草さんぱーる","道の駅一覧_九州地方","https://ja.wikipedia.org/wiki/道の駅一覧_九州地方","表形式","北緯32度34分38秒東経130度25分12秒","〒869-3603熊本県上天草市大矢野町中11582番地","国道266号","第43回（43025）","2015年4月15日","国土交通省案内ページ全国道の駅連絡会ページ公式ウェブサイト","","8:00 - 18:00","","","","","","","","","","","",""
"道の駅うしぶか海彩館","うしぶか海彩館（うしぶかかいさいかん）天草市国道266号熊本-26 ","https://ja.wikipedia.org/wiki/道の駅うしぶか海彩館","道の駅一覧_九州地方","https://ja.wikipedia.org/wiki/道の駅一覧_九州地方","表形式","北緯32度11分39秒東経130度01分38秒","〒863-1901熊本県天草市牛深町2286番地116","国道266号","第43回（43026）","2015年4月15日","国土交通省案内ページ全国道の駅連絡会ページ公式ウェブサイト","2015年4月15日","","","","","","","","","","","","",""
"道の駅あそ望の郷くぎの","あそぼうのさとくぎのあそ望の郷くぎの（あそぼうのさとくぎの）阿蘇郡南阿蘇村県道28号熊本高森線熊本-27 ","https://ja.wikipedia.org/wiki/道の駅あそ望の郷くぎの","道の駅一覧_九州地方","https://ja.wikipedia.org/wiki/道の駅一覧_九州地方","表形式","北緯32度49分06秒東経131度02分26秒","〒869-1412熊本県阿蘇郡南阿蘇村大字久石2870","熊本県道28号熊本高森線","第43回（43027）","2015年4月15日","国土交通省案内ページ全国道の駅連絡会ページ公式ウェブサイト","","","","","","","","","","","","","",""
"道の駅水辺プラザかもと","みずべぷらざかもと水辺プラザかもと（みずべぷらざかもと）山鹿市国道325号熊本-28 ","https://ja.wikipedia.org/wiki/道の駅水辺プラザかもと","道の駅一覧_九州地方","https://ja.wikipedia.org/wiki/道の駅一覧_九州地方","表形式","北緯32度59分12秒東経130度45分21秒","〒861-0312熊本県山鹿市鹿本町梶屋1257番地","国道325号","第44回（43028）","2015年11月5日","国土交通省案内ページ全国道の駅連絡会ページ公式ウェブサイト","2015年11月5日","9:00 - 21:00","","","","","","","","","","","",""
"道の駅すいかの里 植木","すいかの里 植木（すいかのさとうえき）熊本市北区県道329号原植木線熊本-29 ","https://ja.wikipedia.org/wiki/道の駅すいかの里_植木","道の駅一覧_九州地方","https://ja.wikipedia.org/wiki/道の駅一覧_九州地方","表形式","北緯32度54分29秒東経130度41分35秒","〒861-0136熊本県熊本市北区植木町岩野160番地1","熊本県道329号原植木線","第45回（43029）","2016年5月10日","国土交通省案内ページ全国道の駅連絡会ページ公式ウェブサイト","2016年11月22日","9:00 - 18:30","","","","","","","","","","","",""
"道の駅芦北でこぽん","あしきたでこぽん芦北でこぽん（あしきたでこぽん）葦北郡芦北町県道27号芦北球磨線熊本-30 ","https://ja.wikipedia.org/wiki/道の駅芦北でこぽん","道の駅一覧_九州地方","https://ja.wikipedia.org/wiki/道の駅一覧_九州地方","表形式","北緯32度18分11秒東経130度30分29秒","〒869-5441熊本県葦北郡芦北町大字佐敷443番地","熊本県道27号","第45回（43030）","2016年5月14日","国土交通省案内ページ全国道の駅連絡会ページ公式ウェブサイト","2016年5月14日","9:00 - 19:30","","","","","","","","","","","",""
"道の駅崎津","さきつ崎津（さきつ）天草市市道小島小高浜線熊本-31 ","https://ja.wikipedia.org/wiki/道の駅崎津","道の駅一覧_九州地方","https://ja.wikipedia.org/wiki/道の駅一覧_九州地方","表形式","北緯32度19分0秒東経130度1分32秒","〒863-1204熊本県天草市河浦町崎津1117-10","市道小島・小高浜線","第49回（43031）","2018年4月25日","国土交通省案内ページ全国道の駅連絡会ページ","2018年12月22日[1][2]","","","","","","","","","","","","",""
"道の駅天草市イルカセンター","あまくさしイルカセンター天草市イルカセンター（あまくさしイルカセンター）天草市国道324号熊本-32 ","https://ja.wikipedia.org/wiki/道の駅天草市イルカセンター","道の駅一覧_九州地方","https://ja.wikipedia.org/wiki/道の駅一覧_九州地方","表形式","北緯32度32分44.1秒東経130度7分49.9秒","〒863-2421熊本県天草市五和町二江4689-20","国道324号","第50回（43032）","2019年3月19日[1]","国土交通省案内ページ全国道の駅連絡会ページ公式ウェブサイト","2019年6月1日[2]","9:00 - 18:00","","","","","","","","","","","",""
"道の駅人吉","ひとよし人吉（ひとよし）人吉市国道219号熊本-33 ","https://ja.wikipedia.org/wiki/道の駅人吉","道の駅一覧_九州地方","https://ja.wikipedia.org/wiki/道の駅一覧_九州地方","表形式","北緯32度11分35秒東経130度47分21秒","〒868-0825熊本県人吉市赤池原町字牛渡瀬1425-1","国道219号","第50回（43033）","2019年3月19日","国土交通省案内ページ全国道の駅連絡会ページ公式ウェブサイト","2019年8月10日","9:00 - 17:00","","","","","","","","","","","",""
"道の駅宮地岳かかしの里","みやじだけかかしのさと宮地岳かかしの里（みやじだけかかしのさと）天草市国道266号熊本-34 ","https://ja.wikipedia.org/wiki/道の駅宮地岳かかしの里","道の駅一覧_九州地方","https://ja.wikipedia.org/wiki/道の駅一覧_九州地方","表形式","北緯32度23分06.5秒東経130度07分34.9秒","〒863-1161熊本県天草市宮地岳町5516-2","国道266号","第52回（43034）","2020年3月13日[1]","全国道の駅連絡会ページ","2021年3月21日[2]","9:00 - 18:00","","","","","","","","","","","",""
"道の駅東陽","とうよう東陽（とうよう）八代市国道443号熊本-35 ","https://ja.wikipedia.org/wiki/道の駅東陽","道の駅一覧_九州地方","https://ja.wikipedia.org/wiki/道の駅一覧_九州地方","表形式","北緯32度32分52.1秒東経130度42分56.1秒","〒869-4301熊本県八代市東陽町南1051-1","国道443号","第53回（43035）","2020年7月1日[1]","全国道の駅連絡会ページ","2021年3月27日[2][3]","","","","","","","","","","","","",""
"道の駅原尻の滝","はらじりのたき原尻の滝（はらじりのたき）豊後大野市県道7号緒方高千穂線大分-01 ","https://ja.wikipedia.org/wiki/道の駅原尻の滝","道の駅一覧_九州地方","https://ja.wikipedia.org/wiki/道の駅一覧_九州地方","表形式","北緯32度57分56秒東経131度27分08秒","〒879-6631大分県豊後大野市緒方町原尻936-1","大分県道7号緒方高千穂線","第6回（44001）","1994年8月4日","国土交通省案内ページ全国道の駅連絡会ページ公式ウェブサイト","不明","9:00 - 18:30（4、5、8月）9:00 - 16:30（12 - 2月）9:00 - 17:30（その他の月）","","","","","","","","","","","",""
"道の駅宇目","うめ宇目（うめ）佐伯市国道326号大分-02 ","https://ja.wikipedia.org/wiki/道の駅宇目","道の駅一覧_九州地方","https://ja.wikipedia.org/wiki/道の駅一覧_九州地方","表形式","北緯32度48分13秒東経131度36分38秒","〒879-3302大分県佐伯市宇目大字南田原2513番地5","国道326号","第9回（44002）","1995年8月3日","国土交通省案内ページ全国道の駅連絡会ページ","不明","9:00 - 18:00","","","","","","","","","","","",""
"道の駅竹田","たけた竹田（たけた）竹田市国道442号大分-03 ","https://ja.wikipedia.org/wiki/道の駅竹田","道の駅一覧_九州地方","https://ja.wikipedia.org/wiki/道の駅一覧_九州地方","表形式","北緯32度59分08秒東経131度20分26秒","〒878-0145大分県竹田市大字米納663-1","国道442号","第10回（44003）","1996年4月16日","国土交通省案内ページ全国道の駅連絡会ページ","不明","10:00 - 18:00（10 - 6月）10:00 - 19:00（7 - 9月）","","","","","","","","","","","",""
"道の駅佐賀関","さがのせき佐賀関（さがのせき）大分市国道197号大分-04 ","https://ja.wikipedia.org/wiki/道の駅佐賀関","道の駅一覧_九州地方","https://ja.wikipedia.org/wiki/道の駅一覧_九州地方","表形式","北緯33度14分50秒東経131度49分42秒","〒879-2114大分県大分市大字大平989-6","国道197号","第12回（44004）","1997年4月11日","国土交通省案内ページ全国道の駅連絡会ページ公式ウェブサイト","不明","9:00 - 18:00","","","","","","","","","","","",""
"道の駅やまくに","やまくに中津市国道212号大分-05 ","https://ja.wikipedia.org/wiki/道の駅やまくに","道の駅一覧_九州地方","https://ja.wikipedia.org/wiki/道の駅一覧_九州地方","表形式","北緯33度24分23秒東経131度03分41秒","〒871-0716大分県中津市山国町中摩358番地4","国道212号","第15回（44005）","1999年8月27日","国土交通省案内ページ全国道の駅連絡会ページ","不明","8:00 - 19:00","","","","","","","","","","","",""
"道の駅耶馬トピア","やばトピア耶馬トピア（やばトピア）中津市国道500号大分-06 ","https://ja.wikipedia.org/wiki/道の駅耶馬トピア","道の駅一覧_九州地方","https://ja.wikipedia.org/wiki/道の駅一覧_九州地方","表形式","北緯33度29分23秒東経131度10分28秒","〒871-0295大分県中津市本耶馬渓町曽木2193-1","国道500号","第12回（41006）","1997年4月11日","国土交通省案内ページ全国道の駅連絡会ページ公式ウェブサイト","不明","10:00 - 16:30","","","","","","","","","","","",""
"道の駅あさじ","あさじ豊後大野市国道57号大分-07実際の設置路線は県道57号竹田犬飼線","https://ja.wikipedia.org/wiki/道の駅あさじ","道の駅一覧_九州地方","https://ja.wikipedia.org/wiki/道の駅一覧_九州地方","表形式","北緯33度00分09秒東経131度26分53秒","〒879-6223大分県豊後大野市朝地町板井迫1018-1","国道57号","第15回（44007）","1999年8月27日","国土交通省案内ページ全国道の駅連絡会ページ公式ウェブサイト","不明","9:00 - 18:00","","","","","","","","","","","",""
"道の駅いんない","いんない宇佐市国道387号大分-08 ","https://ja.wikipedia.org/wiki/道の駅いんない","道の駅一覧_九州地方","https://ja.wikipedia.org/wiki/道の駅一覧_九州地方","表形式","北緯33度25分26秒東経131度19分13秒","〒872-0318大分県宇佐市院内町副1381-2","国道387号（国道500号重複）","第15回（44008）","1999年8月27日","国土交通省案内ページ全国道の駅連絡会ページ","不明","8:00 - 18:00","","","","","","","","","","","",""
"道の駅せせらぎ郷かみつえ","せせらぎ郷かみつえ（せせらぎきょうかみつえ）日田市国道387号大分-09 ","https://ja.wikipedia.org/wiki/道の駅せせらぎ郷かみつえ","道の駅一覧_九州地方","https://ja.wikipedia.org/wiki/道の駅一覧_九州地方","表形式","北緯33度06分45秒東経130度57分42秒","〒877-0311大分県日田市上津江町川原3848-1","国道387号","第15回（44009）","1999年8月27日","国土交通省案内ページ全国道の駅連絡会ページ","2000年8月10日","9:00 - 18:00","","","","","","","","","","","",""
"道の駅やよい","やよい佐伯市国道10号大分-10 ","https://ja.wikipedia.org/wiki/道の駅やよい","道の駅一覧_九州地方","https://ja.wikipedia.org/wiki/道の駅一覧_九州地方","表形式","北緯32度57分52秒東経131度50分19秒","〒876-0112大分県佐伯市弥生大字上小倉898-1","国道10号","第16回（44010）","2000年8月18日","国土交通省案内ページ全国道の駅連絡会ページ公式ウェブサイト","2001年4月28日","9:00 - 18:00","","","","","","","","","","","",""
"道の駅鯛生金山","たいおきんざん鯛生金山（たいおきんざん）日田市国道442号大分-11 ","https://ja.wikipedia.org/wiki/道の駅鯛生金山","道の駅一覧_九州地方","https://ja.wikipedia.org/wiki/道の駅一覧_九州地方","表形式","北緯33度07分45秒東経130度52分58秒","〒877-0302大分県日田市中津江村合瀬3750番地","国道442号","第16回（44011）","2000年8月18日","国土交通省案内ページ全国道の駅連絡会ページ公式ウェブサイト","1983年4月（地底博物館として）","9:00 - 17:00","","","","","","","","","","","",""
"道の駅きよかわ","きよかわ豊後大野市国道502号大分-12 ","https://ja.wikipedia.org/wiki/道の駅きよかわ","道の駅一覧_九州地方","https://ja.wikipedia.org/wiki/道の駅一覧_九州地方","表形式","北緯32度58分18秒東経131度31分05秒","〒879-6903大分県豊後大野市清川町砂田1574-1","国道502号","第16回（44012）","2000年8月18日","国土交通省案内ページ全国道の駅連絡会ページ公式ウェブサイト","2000年8月18日","7:30 - 18:00","","","","","","","","","","","",""
"道の駅ゆふいん","ゆふいん由布市国道210号県道216号別府湯布院線大分-13 ","https://ja.wikipedia.org/wiki/道の駅ゆふいん","道の駅一覧_九州地方","https://ja.wikipedia.org/wiki/道の駅一覧_九州地方","表形式","北緯33度15分38秒東経131度19分38秒","〒879-5114大分県由布市湯布院町川北899-76","国道210号","第19回（44013）","2003年8月8日","国土交通省案内ページ全国道の駅連絡会ページ公式ウェブサイト","2003年9月1日","10:00 - 18:00","","","","","","","","","","","",""
"道の駅みえ","みえ豊後大野市国道326号大分-14 ","https://ja.wikipedia.org/wiki/道の駅みえ","道の駅一覧_九州地方","https://ja.wikipedia.org/wiki/道の駅一覧_九州地方","表形式","北緯33度01分43秒東経131度37分18秒","〒879-7101大分県豊後大野市三重町宮野2791番地1","国道326号","第20回（44014）","2004年8月9日","国土交通省案内ページ全国道の駅連絡会ページ公式ウェブサイト","2004年10月16日","9:00 - 18:00","","","","","","","","","","","",""
"道の駅くにさき","くにさき国東市国道213号大分-15 ","https://ja.wikipedia.org/wiki/道の駅くにさき","道の駅一覧_九州地方","https://ja.wikipedia.org/wiki/道の駅一覧_九州地方","表形式","北緯33度32分44秒東経131度44分23秒","〒873-0511大分県国東市国東町小原2662-1","国道213号","第20回（44015）","2004年8月9日","国土交通省案内ページ全国道の駅連絡会ページ","2004年8月9日","9:00 - 17:00","","","","","","","","","","","",""
"道の駅水辺の郷おおやま","みずべのさとおおやま水辺の郷おおやま（みずべのさとおおやま）日田市国道212号大分-16 ","https://ja.wikipedia.org/wiki/道の駅水辺の郷おおやま","道の駅一覧_九州地方","https://ja.wikipedia.org/wiki/道の駅一覧_九州地方","表形式","北緯33度14分52秒東経130度58分19秒","〒879-6903大分県日田市大山町西大山4106","国道212号","第20回（44016）","2004年8月9日","国土交通省案内ページ全国道の駅連絡会ページ公式ウェブサイト","2004年12月12日","9:00 - 17:30（月 - 木）9:00 - 19:00（金土日祝）","","","","","","","","","","","",""
"道の駅かまえ","かまえ佐伯市国道388号県道37号佐伯蒲江線大分-17 ","https://ja.wikipedia.org/wiki/道の駅かまえ","道の駅一覧_九州地方","https://ja.wikipedia.org/wiki/道の駅一覧_九州地方","表形式","北緯32度48分06秒東経131度55分28秒","〒876-2401大分県佐伯市蒲江大字蒲江浦5104-1","国道388号","第21回（44017）","2005年8月10日","国土交通省案内ページ全国道の駅連絡会ページ公式ウェブサイト","2005年8月10日","9:00 - 18:00","","","","","","","","","","","",""
"道の駅ながゆ温泉","ながゆ温泉（ながゆおんせん）竹田市県道30号庄内久住線大分-18 ","https://ja.wikipedia.org/wiki/道の駅ながゆ温泉","道の駅一覧_九州地方","https://ja.wikipedia.org/wiki/道の駅一覧_九州地方","表形式","北緯33度04分18秒東経131度22分59秒","〒878-0402大分県竹田市直入町大字長湯8043-1","大分県道30号","第23回（44018）","2007年3月1日","国土交通省案内ページ全国道の駅連絡会ページ","2007年3月29日","8:00 - 18:00","","","","","","","","","","","",""
"道の駅おおの (大分県)","おおの豊後大野市県道26号三重野津原線大分-19 ","https://ja.wikipedia.org/wiki/道の駅おおの_(大分県)","道の駅一覧_九州地方","https://ja.wikipedia.org/wiki/道の駅一覧_九州地方","表形式","北緯33度02分10秒東経131度30分11秒","〒879-6441大分県豊後大野市大野町田中43番地10","大分県道26号","第22回（44019）","2006年8月10日","国土交通省案内ページ全国道の駅連絡会ページ","2007年3月17日","9:00 - 18:00","","","","","","","","","","","",""
"道の駅くにみ","くにみ国東市国道213号大分-20 ","https://ja.wikipedia.org/wiki/道の駅くにみ","道の駅一覧_九州地方","https://ja.wikipedia.org/wiki/道の駅一覧_九州地方","表形式","北緯33度40分50秒東経131度36分21秒","〒872-1401大分県国東市国見町伊美4256","国道213号","第22回（44020）","2006年8月10日","国土交通省案内ページ全国道の駅連絡会ページ","2006年8月10日","9:00 - 18:00","","","","","","","","","","","",""
"道の駅童話の里くす","どうわのさとくす童話の里くす（どうわのさとくす）玖珠郡玖珠町国道387号大分-21 ","https://ja.wikipedia.org/wiki/道の駅童話の里くす","道の駅一覧_九州地方","https://ja.wikipedia.org/wiki/道の駅一覧_九州地方","表形式","北緯33度17分22秒東経131度09分25秒","〒879-4403大分県玖珠郡玖珠町大字帆足2121","国道387号","第30回（44021）","2009年3月12日","国土交通省案内ページ全国道の駅連絡会ページ公式ウェブサイト","2009年5月29日","9:00 - 19:00","","","","","","","","","","","",""
"道の駅すごう","すごう竹田市国道57号大分-22 ","https://ja.wikipedia.org/wiki/道の駅すごう","道の駅一覧_九州地方","https://ja.wikipedia.org/wiki/道の駅一覧_九州地方","表形式","北緯32度57分24秒東経131度17分39秒","〒878-0145大分県竹田市大字菅生字塚原989-1","国道57号","第16回（44012）","2000年8月18日","国土交通省案内ページ全国道の駅連絡会ページ","2010年4月1日","9:00 - 17:00","","","","","","","","","","","",""
"道の駅なかつ","なかつ中津市国道10号中津バイパス大分-23 ","https://ja.wikipedia.org/wiki/道の駅なかつ","道の駅一覧_九州地方","https://ja.wikipedia.org/wiki/道の駅一覧_九州地方","表形式","北緯33度33分06秒東経131度12分50秒","〒871-0152大分県中津市大字加来814番地4","国道10号","第41回（44023）","2014年4月4日","国土交通省案内ページ全国道の駅連絡会ページ公式ウェブサイト","2014年4月26日[1]","","","","","","","","","","","","",""
"道の駅慈恩の滝 くす","じおんのたきくす慈恩の滝 くす（じおんのたきくす）玖珠郡玖珠町国道210号大分-24 ","https://ja.wikipedia.org/wiki/道の駅慈恩の滝_くす","道の駅一覧_九州地方","https://ja.wikipedia.org/wiki/道の駅一覧_九州地方","表形式","北緯33度15分57秒東経131度04分07秒","〒879-4332大分県玖珠郡玖珠町大字山浦618番地の24","国道210号","第45回[1]（44024）","2016年5月10日","国土交通省案内ページ全国道の駅連絡会ページ","2016年7月23日","9:00 - 17:00","","","","","","","","","","","",""
"道の駅のつはる","のつはる大分市国道442号大分-25 ","https://ja.wikipedia.org/wiki/道の駅のつはる","道の駅一覧_九州地方","https://ja.wikipedia.org/wiki/道の駅一覧_九州地方","表形式","北緯33度07分36.5秒東経131度29分33.6秒","〒870-1213大分県大分市大字下原1717-1","国道442号","第50回（44025）","2019年3月19日","国土交通省案内ページ全国道の駅連絡会ページ公式ウェブサイト","2019年11月30日","9:00-18:00（3-11月）9:00-17:00（12-2月）[1]","","","","","","","","","","","",""
"道の駅高岡","たかおか高岡（たかおか）宮崎市国道10号宮崎-01 ","https://ja.wikipedia.org/wiki/道の駅高岡","道の駅一覧_九州地方","https://ja.wikipedia.org/wiki/道の駅一覧_九州地方","表形式","北緯31度56分45秒東経131度20分26秒","〒880-2211宮崎県宮崎市高岡町花見304-5","国道10号","第1回（45001）","1993年4月22日","国土交通省案内ページ全国道の駅連絡会ページ","不明","9:00 - 18:00","","","","","","","","","","","",""
"道の駅北川はゆま","きたがわはゆま北川はゆま（きたがわはゆま）延岡市国道10号E10東九州自動車道宮崎-02東九州道北川ICに併設","https://ja.wikipedia.org/wiki/道の駅北川はゆま","道の駅一覧_九州地方","https://ja.wikipedia.org/wiki/道の駅一覧_九州地方","表形式","北緯32度39分58秒東経131度42分16秒","〒889-0102宮崎県延岡市北川町長井5751-1","国道10号","第5回（45002）","1994年（平成6年）4月26日","国土交通省案内ページ全国道の駅連絡会ページ公式ウェブサイト","1996年（平成8年）4月","8:30 - 18:00（平日）8:30 - 20:00（土・日）","","","","","","","","","","","",""
"道の駅青雲橋","せいうんばし青雲橋（せいうんばし）西臼杵郡日之影町国道218号宮崎-03 ","https://ja.wikipedia.org/wiki/道の駅青雲橋","道の駅一覧_九州地方","https://ja.wikipedia.org/wiki/道の駅一覧_九州地方","表形式","北緯32度39分38秒東経131度23分19秒","〒882-0401宮崎県西臼杵郡日之影町大字七折8705-12","国道218号","第5回（45003）","1994年4月26日","国土交通省案内ページ全国道の駅連絡会ページ","不明","8:00 - 18:30（平日）8:00 - 19:00（土日祝）","","","","","","","","","","","",""
"道の駅山之口","やまのくち山之口（やまのくち）都城市国道269号宮崎-04 ","https://ja.wikipedia.org/wiki/道の駅山之口","道の駅一覧_九州地方","https://ja.wikipedia.org/wiki/道の駅一覧_九州地方","表形式","北緯31度47分40秒東経131度12分10秒","〒889-1803宮崎県都城市山之口町山之口2304-6","国道269号","第5回（45004）","1994年4月26日","国土交通省案内ページ全国道の駅連絡会ページ公式ウェブサイト","不明","9:00 - 19:00（3 - 10月）9:00 - 18:00（11 - 2月）","","","","","","","","","","","",""
"道の駅北浦","きたうら北浦（きたうら）延岡市国道388号宮崎-05 ","https://ja.wikipedia.org/wiki/道の駅北浦","道の駅一覧_九州地方","https://ja.wikipedia.org/wiki/道の駅一覧_九州地方","表形式","北緯32度41分05秒東経131度48分02秒","〒889-0301宮崎県延岡市北浦町古江3337-1","国道388号","第10回（45005）","1996年4月16日","国土交通省案内ページ全国道の駅連絡会ページ公式ウェブサイト","不明","9:00 - 18:00","","","","","","","","","","","",""
"道の駅田野","たの田野（たの）宮崎市県道28号日南高岡線宮崎-06 ","https://ja.wikipedia.org/wiki/道の駅田野","道の駅一覧_九州地方","https://ja.wikipedia.org/wiki/道の駅一覧_九州地方","表形式","北緯31度47分47秒東経131度18分28秒","〒889-1701宮崎県宮崎市田野町甲7885-164","宮崎県道28号","第14回（45006）","1998年4月17日","国土交通省案内ページ全国道の駅連絡会ページ公式ウェブサイト","不明","9:00 - 18:00　（11月～2月は9:00 -17:00）","","","","","","","","","","","",""
"道の駅酒谷","さかたに酒谷（さかたに）日南市国道222号宮崎-07 ","https://ja.wikipedia.org/wiki/道の駅酒谷","道の駅一覧_九州地方","https://ja.wikipedia.org/wiki/道の駅一覧_九州地方","表形式","北緯31度38分31秒東経131度15分58秒","〒889-2512宮崎県日南市大字酒谷甲1840番地4","国道222号","第15回（45007）","1999年8月27日","国土交通省案内ページ全国道の駅連絡会ページ公式ウェブサイト","不明","8:30 - 18:00（4 - 9月）8:30 - 17:00（10 - 3月）","","","","","","","","","","","",""
"道の駅とうごう","とうごう日向市国道327号国道446号宮崎-08 ","https://ja.wikipedia.org/wiki/道の駅とうごう","道の駅一覧_九州地方","https://ja.wikipedia.org/wiki/道の駅一覧_九州地方","表形式","北緯32度23分29秒東経131度30分49秒","〒883-0106宮崎県日向市東郷町山陰辛244-1","国道327号国道446号","第15回（45008）","1999年8月27日","国土交通省案内ページ全国道の駅連絡会ページ","不明","8:30 - 18:008:00 - 18:00（夏季）","","","","","","","","","","","",""
"道の駅都城","みやこのじょう都城（みやこのじょう）都城市国道10号宮崎-09 ","https://ja.wikipedia.org/wiki/道の駅都城","道の駅一覧_九州地方","https://ja.wikipedia.org/wiki/道の駅一覧_九州地方","表形式","北緯31度46分08秒東経131度05分43秒","〒885-0004宮崎県都城市都北町5225-1","国道10号","第17回（45009）","2001年8月21日","国土交通省案内ページ全国道の駅連絡会ページ公式ウェブサイト","不明","9:30 - 18:00","","","","","","","","","","","",""
"道の駅ゆ〜ぱるのじり","ゆ〜ぱるのじり小林市国道268号宮崎-10 ","https://ja.wikipedia.org/wiki/道の駅ゆ〜ぱるのじり","道の駅一覧_九州地方","https://ja.wikipedia.org/wiki/道の駅一覧_九州地方","表形式","北緯31度57分52秒東経131度04分56秒","〒886-0213宮崎県小林市野尻町三ヶ野山4347-1","国道268号","第17回（45010）","2001年8月21日","国土交通省案内ページ全国道の駅連絡会ページ公式ウェブサイト","2001年10月17日","8:00 - 21:00","","","","","","","","","","","",""
"道の駅なんごう (宮崎県)","なんごう日南市国道448号宮崎-11 ","https://ja.wikipedia.org/wiki/道の駅なんごう_(宮崎県)","道の駅一覧_九州地方","https://ja.wikipedia.org/wiki/道の駅一覧_九州地方","表形式","北緯31度30分11秒東経131度22分45秒","〒889-3211宮崎県日南市南郷町贄波3220-24","国道448号","第17回（45011）","2001年8月21日","国土交通省案内ページ全国道の駅連絡会ページ公式ウェブサイト","不明","8:30 - 18:00（4月 - 9月）8:30 - 17:00（10月 - 3月）","","","","","","","","","","","",""
"道の駅日向","ひゅうが日向（ひゅうが）日向市国道10号宮崎-12 ","https://ja.wikipedia.org/wiki/道の駅日向","道の駅一覧_九州地方","https://ja.wikipedia.org/wiki/道の駅一覧_九州地方","表形式","北緯32度20分36秒東経131度37分27秒","〒889-1112宮崎県日向市大字幸脇241番地7","国道10号","第18回（45012）","2002年8月13日","国土交通省案内ページ全国道の駅連絡会ページ","2002年12月","9:00 - 18:009:00 - 19:00（夏期）","","","","","","","","","","","",""
"道の駅高千穂","たかちほ高千穂（たかちほ）西臼杵郡高千穂町国道218号宮崎-13 ","https://ja.wikipedia.org/wiki/道の駅高千穂","道の駅一覧_九州地方","https://ja.wikipedia.org/wiki/道の駅一覧_九州地方","表形式","北緯32度42分30秒東経131度18分01秒","〒882-1101宮崎県西臼杵郡高千穂町大字三田井1296-5","国道218号","第18回（45007）","2002年8月13日","国土交通省案内ページ全国道の駅連絡会ページ","2003年3月","9:30 - 19:00（3 - 11月）9:30 - 18:00（12 - 2月）","","","","","","","","","","","",""
"道の駅フェニックス","ふぇにっくすフェニックス宮崎市県道377号内海加江田線宮崎-14旧・国道220号","https://ja.wikipedia.org/wiki/道の駅フェニックス","道の駅一覧_九州地方","https://ja.wikipedia.org/wiki/道の駅一覧_九州地方","表形式","北緯31度46分08秒東経131度28分42秒","〒889-2301宮崎県宮崎市大字内海字三池381-1","宮崎県道377号内海加江田線","第20回（45014）","2004年8月9日","国土交通省案内ページ全国道の駅連絡会ページ公式ウェブサイト","2005年4月16日","9:00 - 18:00","","","","","","","","","","","",""
"道の駅つの","つの児湯郡都農町国道10号宮崎-15 ","https://ja.wikipedia.org/wiki/道の駅つの","道の駅一覧_九州地方","https://ja.wikipedia.org/wiki/道の駅一覧_九州地方","表形式","北緯32度15分37秒東経131度33分28秒","〒889-1201宮崎県児湯郡都農町大字川北5129","国道10号","第38回（45015）","2012年9月24日","国土交通省案内ページ全国道の駅連絡会ページ公式ウェブサイト","2013年7月31日","8:00 - 18:00（平日）8:00 - 18:00（土日祝）","","","","","","","","","","","",""
"道の駅えびの","えびのえびの市国道268号宮崎-16 ","https://ja.wikipedia.org/wiki/道の駅えびの","道の駅一覧_九州地方","https://ja.wikipedia.org/wiki/道の駅一覧_九州地方","表形式","北緯32度02分59秒東経130度48分20秒","〒889-4234宮崎県えびの市大字永山1006-1","国道268号","第38回（45016）","2012年9月14日","国土交通省案内ページ全国道の駅連絡会ページ公式ウェブサイト","2013年4月20日[1]","9:00-18:00","","","","","","","","","","","",""
"道の駅北方よっちみろ屋","きたかたよっちみろや北方よっちみろ屋（きたかたよっちみろや）延岡市国道218号宮崎-17E77九州中央自動車道蔵田交差点に併設","https://ja.wikipedia.org/wiki/道の駅北方よっちみろ屋","道の駅一覧_九州地方","https://ja.wikipedia.org/wiki/道の駅一覧_九州地方","表形式","北緯32度35分44秒東経131度29分31秒","〒882-0243宮崎県延岡市北方町早日渡巳175番地1","国道218号","第42回（45017）","2014年10月10日","国土交通省案内ページ全国道の駅連絡会ページ公式ウェブサイト","2015年4月29日","","","","","","","","","","","","",""
"道の駅くしま","くしま串間市国道220号宮崎-18 ","https://ja.wikipedia.org/wiki/道の駅くしま","道の駅一覧_九州地方","https://ja.wikipedia.org/wiki/道の駅一覧_九州地方","表形式","北緯31度27分46.6秒東経131度13分45.0秒","〒888-0001宮崎県串間市大字西方5503-1","国道220号","第53回（45018）","2020年7月1日[1]","全国道の駅連絡会ページ","2021年4月24日[2][3]","9:00 - 18:00","","","","","","","","","","","",""
"道の駅喜入","きいれ喜入（きいれ）鹿児島市国道226号鹿児島-01 ","https://ja.wikipedia.org/wiki/道の駅喜入","道の駅一覧_九州地方","https://ja.wikipedia.org/wiki/道の駅一覧_九州地方","表形式","北緯31度22分44秒東経130度32分43秒","〒891-0203鹿児島県鹿児島市喜入町6094番地1","国道226号","第5回（46001）","1994年4月26日","国土交通省案内ページ全国道の駅連絡会ページ公式ウェブサイト","不明","10:00 - 21:00","","","","","","","","","","","",""
"道の駅霧島","きりしま霧島（きりしま）霧島市国道223号鹿児島-02 ","https://ja.wikipedia.org/wiki/道の駅霧島","道の駅一覧_九州地方","https://ja.wikipedia.org/wiki/道の駅一覧_九州地方","表形式","北緯31度51分48秒東経130度51分05秒","〒899-4201鹿児島県霧島市霧島田口2583-22","国道223号","第5回（46002）","1994年4月26日","国土交通省案内ページ全国道の駅連絡会ページ公式ウェブサイト","不明","9:00 - 17:15","","","","","","","","","","","",""
"道の駅樋脇","ひわき樋脇（ひわき）薩摩川内市県道42号川内加治木線鹿児島-03 ","https://ja.wikipedia.org/wiki/道の駅樋脇","道の駅一覧_九州地方","https://ja.wikipedia.org/wiki/道の駅一覧_九州地方","表形式","北緯31度47分47秒東経130度24分26秒","〒895-1203鹿児島県薩摩川内市樋脇町市比野156","鹿児島県道42号","第6回（46004）","1994年8月4日","国土交通省案内ページ全国道の駅連絡会ページ","不明","8:30 - 18:30（4 - 9月）9:00 - 18:00（10 - 3月）","","","","","","","","","","","",""
"道の駅松山","まつやま松山（まつやま）志布志市市道飯野松山線鹿児島-04旧・鹿児島県道109号飯野松山都城線","https://ja.wikipedia.org/wiki/道の駅松山","道の駅一覧_九州地方","https://ja.wikipedia.org/wiki/道の駅一覧_九州地方","表形式","北緯31度34分54秒東経131度02分33秒","〒899-7601鹿児島県志布志市松山町新橋1526-1","志布志市道飯野松山線","第8回（46004）","1995年4月11日","国土交通省案内ページ全国道の駅連絡会ページ公式ウェブサイト","1996年","9:00 - 18:00","","","","","","","","","","","",""
"道の駅阿久根","あくね阿久根（あくね）阿久根市国道3号鹿児島-05 ","https://ja.wikipedia.org/wiki/道の駅阿久根","道の駅一覧_九州地方","https://ja.wikipedia.org/wiki/道の駅一覧_九州地方","表形式","北緯31度56分45秒東経130度12分59秒","〒899-1741鹿児島県阿久根市大川4816-6","国道3号","第9回（46005）","1995年8月3日","国土交通省案内ページ全国道の駅連絡会ページ","不明","9:30 - 19:00（4 - 10月）9:30 - 18:00（11 - 3月）","","","","","","","","","","","",""
"道の駅長島","ながしま長島（ながしま）出水郡長島町国道389号鹿児島-06 ","https://ja.wikipedia.org/wiki/道の駅長島","道の駅一覧_九州地方","https://ja.wikipedia.org/wiki/道の駅一覧_九州地方","表形式","北緯32度09分42秒東経130度06分33秒","〒899-1741鹿児島県出水郡長島町指江1576番地1号","国道389号","第10回（46006）","1996年4月16日","国土交通省案内ページ全国道の駅連絡会ページ","不明","8:30 - 18:30（4 - 9月）9:00 - 18:00（10 - 3月）","","","","","","","","","","","",""
"道の駅くにの松原おおさき","くにの松原おおさき（くにのまつばらおおさき）曽於郡大崎町国道220号鹿児島-07 ","https://ja.wikipedia.org/wiki/道の駅くにの松原おおさき","道の駅一覧_九州地方","https://ja.wikipedia.org/wiki/道の駅一覧_九州地方","表形式","北緯31度26分16秒東経131度01分51秒","〒899-7302鹿児島県曽於郡大崎町大字神領2419","国道220号","第14回（46007）","1998年4月17日","国土交通省案内ページ全国道の駅連絡会ページ公式ウェブサイト","1998年8月11日[1]","9:00 - 18:00","","","","","","","","","","","",""
"道の駅根占","ねじめ根占（ねじめ）肝属郡南大隅町国道269号鹿児島-08 ","https://ja.wikipedia.org/wiki/道の駅根占","道の駅一覧_九州地方","https://ja.wikipedia.org/wiki/道の駅一覧_九州地方","表形式","北緯31度11分08秒東経130度46分03秒","〒893-2504鹿児島県肝属郡南大隅町根占山本6868","国道269号","第14回（46008）","1998年4月16日","国土交通省案内ページ全国道の駅連絡会ページ","不明","10:00 - 17:00","","","","","","","","","","","",""
"道の駅川辺やすらぎの郷","かわなべやすらぎのさと川辺やすらぎの郷（かわなべやすらぎのさと）南九州市国道225号鹿児島-09 ","https://ja.wikipedia.org/wiki/道の駅川辺やすらぎの郷","道の駅一覧_九州地方","https://ja.wikipedia.org/wiki/道の駅一覧_九州地方","表形式","北緯31度24分46秒東経130度25分59秒","〒897-0202鹿児島県南九州市川辺町清水6910番地","国道225号","第15回（46009）","1999年8月27日","国土交通省案内ページ全国道の駅連絡会ページ公式ウェブサイト","2000年4月28日","8:00 - 19:00","","","","","","","","","","","",""
"道の駅奄美大島住用","あまみおおしますみよう奄美大島住用（あまみおおしますみよう）奄美市国道58号鹿児島-10 ","https://ja.wikipedia.org/wiki/道の駅奄美大島住用","道の駅一覧_九州地方","https://ja.wikipedia.org/wiki/道の駅一覧_九州地方","表形式","北緯28度15分34秒東経129度24分31秒","〒894-1201鹿児島県奄美市住用町石原478","国道58号","第16回（46010）","2000年8月18日","国土交通省案内ページ全国道の駅連絡会ページ公式ウェブサイト","不明","9:30 - 18:00","","","","","","","","","","","",""
"道の駅桜島","さくらじま桜島（さくらじま）鹿児島市国道224号鹿児島-11 ","https://ja.wikipedia.org/wiki/道の駅桜島","道の駅一覧_九州地方","https://ja.wikipedia.org/wiki/道の駅一覧_九州地方","表形式","北緯31度35分22秒東経130度35分56秒","〒891-1419鹿児島県鹿児島市桜島横山町1722番地48号","国道224号","第16回（46011）","2000年8月18日","国土交通省案内ページ全国道の駅連絡会ページ公式ウェブサイト","","9:00 - 19:00（4 - 9月）9:00 - 18:00（10 - 3月）","","","","","","","","","","","",""
"道の駅きんぽう木花館","きんぽう木花館（きんぽうこのはなかん）南さつま市国道270号鹿児島-12 ","https://ja.wikipedia.org/wiki/道の駅きんぽう木花館","道の駅一覧_九州地方","https://ja.wikipedia.org/wiki/道の駅一覧_九州地方","表形式","北緯31度27分57秒東経130度20分44秒","〒899-7601鹿児島県南さつま市金峰町池辺1383番地","国道270号","第17回（46012）","2001年8月21日","国土交通省案内ページ全国道の駅連絡会ページ公式ウェブサイト","不明","9:00 - 18:00","","","","","","","","","","","",""
"道の駅おおすみ弥五郎伝説の里","おおすみ弥五郎伝説の里（おおすみやごろうでんせつのさと）曽於市国道269号鹿児島-13 ","https://ja.wikipedia.org/wiki/道の駅おおすみ弥五郎伝説の里","道の駅一覧_九州地方","https://ja.wikipedia.org/wiki/道の駅一覧_九州地方","表形式","北緯31度35分26秒東経130度59分26秒","〒899-8102鹿児島県曽於市大隅町岩川6134番地1","国道269号","第18回（46013）","2002年8月13日","国土交通省案内ページ全国道の駅連絡会ページ公式ウェブサイト","2002年10月","9:00 - 19:00","","","","","","","","","","","",""
"道の駅たからべ","たからべ曽於市県道2号都城隼人線鹿児島-14 ","https://ja.wikipedia.org/wiki/道の駅たからべ","道の駅一覧_九州地方","https://ja.wikipedia.org/wiki/道の駅一覧_九州地方","表形式","北緯31度43分43秒東経130度59分56秒","〒899-4101鹿児島県曽於市財部町南俣17番地1","鹿児島県道2号都城隼人線","第20回（46014）","2004年8月9日","国土交通省案内ページ全国道の駅連絡会ページ","2004年12月","9:30 - 19:00（4 - 10月）9:30 - 18:00（11 - 3月）","","","","","","","","","","","",""
"道の駅いぶすき","いぶすき指宿市国道226号鹿児島-15PFI事業で運営","https://ja.wikipedia.org/wiki/道の駅いぶすき","道の駅一覧_九州地方","https://ja.wikipedia.org/wiki/道の駅一覧_九州地方","表形式","北緯31度18分08秒東経130度35分24秒","〒891-0314鹿児島県指宿市小牧52番地4","国道226号","第20回（46015）","2004年8月9日","国土交通省案内ページ全国道の駅連絡会ページ公式ウェブサイト","2004年10月","8:30 - 18:30（4 - 9月）8:30 - 18:00（10 - 3月）","","","","","","","","","","","",""
"道の駅たるみず","たるみず垂水市国道220号鹿児島-16 ","https://ja.wikipedia.org/wiki/道の駅たるみず","道の駅一覧_九州地方","https://ja.wikipedia.org/wiki/道の駅一覧_九州地方","表形式","北緯31度33分32秒東経130度44分41秒","〒899-4632鹿児島県垂水市牛根麓1038-1","国道220号","第20回（46016）","2004年8月9日","国土交通省案内ページ全国道の駅連絡会ページ公式ウェブサイト","2005年3月","9:00 - 21:00","","","","","","","","","","","",""
"道の駅すえよし","すえよし曽於市国道10号鹿児島-17 ","https://ja.wikipedia.org/wiki/道の駅すえよし","道の駅一覧_九州地方","https://ja.wikipedia.org/wiki/道の駅一覧_九州地方","表形式","北緯31度41分18秒東経130度58分13秒","〒899-8606鹿児島県曽於市末吉町深川11051番地1","国道10号","第21回（46017）","2005年8月10日","国土交通省案内ページ全国道の駅連絡会ページ公式ウェブサイト","2005年12月17日","9:00 - 17:00","","","","","","","","","","","",""
"道の駅黒之瀬戸だんだん市場","くろのせとだんだんいちば黒之瀬戸だんだん市場（くろのせとだんだんいちば）出水郡長島町国道389号鹿児島-18 ","https://ja.wikipedia.org/wiki/道の駅黒之瀬戸だんだん市場","道の駅一覧_九州地方","https://ja.wikipedia.org/wiki/道の駅一覧_九州地方","表形式","北緯32度06分30秒東経130度10分15秒","〒899-1211鹿児島県出水郡長島町山門野4093","国道389号","第33回（46018）","2010年3月1日","国土交通省案内ページ全国道の駅連絡会ページ","2010年2月13日","9:00 - 18:00","","","","","","","","","","","",""
"道の駅山川港活お海道","やまがわみなといおかいどう山川港活お海道（やまがわみなといおかいどう）指宿市国道269号鹿児島-19 ","https://ja.wikipedia.org/wiki/道の駅山川港活お海道","道の駅一覧_九州地方","https://ja.wikipedia.org/wiki/道の駅一覧_九州地方","表形式","北緯31度12分11秒東経130度38分06秒","〒891-0506鹿児島県指宿市山川金生町1番地10","国道269号","第36回（46019）","2011年8月25日","国土交通省案内ページ全国道の駅連絡会ページ公式ウェブサイト","2011年9月17日","8:30 - 18:00","","","","","","","","","","","",""
"道の駅錦江にしきの里","きんこうにしきのさと錦江にしきの里（きんこうにしきのさと）肝属郡錦江町国道269号鹿児島-20 ","https://ja.wikipedia.org/wiki/道の駅錦江にしきの里","道の駅一覧_九州地方","https://ja.wikipedia.org/wiki/道の駅一覧_九州地方","表形式","北緯31度16分30秒東経130度47分35秒","〒893-2301鹿児島県肝属郡錦江町神川3306-18[1]","国道269号","第40回（46020）","2013年10月11日","国土交通省案内ページ全国道の駅連絡会ページ公式ウェブサイト","2006年4月14日","8:30-18:00","","","","","","","","","","","",""
"道の駅野方あらさの","のがたあらさの野方あらさの（のがたあらさの）曽於郡大崎町県道64号大崎輝北線鹿児島-21E78東九州自動車道野方ICに併設","https://ja.wikipedia.org/wiki/道の駅野方あらさの","道の駅一覧_九州地方","https://ja.wikipedia.org/wiki/道の駅一覧_九州地方","表形式","北緯31度30分01秒東経130度55分27秒","〒899-8313鹿児島県曽於郡大崎町野方2810番地7","鹿児島県道64号","第42回（46021）","2014年10月10日","国土交通省案内ページ全国道の駅連絡会ページ","2014年12月21日[1]","24時間営業","","","","","","","","","","","",""
"道の駅たるみずはまびら","たるみずはまびら垂水市国道220号鹿児島-22 ","https://ja.wikipedia.org/wiki/道の駅たるみずはまびら","道の駅一覧_九州地方","https://ja.wikipedia.org/wiki/道の駅一覧_九州地方","表形式","北緯31度28分8.5秒東経130度41分57.4秒","〒891-2115鹿児島県垂水市浜平2036-6","国道220号","第49回（46022）","2018年4月25日","国土交通省案内ページ全国道の駅連絡会ページ公式ウェブサイト","2018年11月23日[1][2]","","","","","","","","","","","","",""
"道の駅許田","きょだ許田（きょだ）名護市国道58号沖縄-01 ","https://ja.wikipedia.org/wiki/道の駅許田","道の駅一覧_九州地方","https://ja.wikipedia.org/wiki/道の駅一覧_九州地方","表形式","北緯26度33分07秒東経127度58分09秒","〒905-0024沖縄県名護市字許田17番地の1","国道58号","第5回（47001）","1994年4月26日","国土交通省案内ページ全国道の駅連絡会ページ公式ウェブサイト","不明","8:30 - 19:00","","","","","","","","","","","",""
"道の駅おおぎみ","おおぎみ国頭郡大宜味村国道58号沖縄-02 ","https://ja.wikipedia.org/wiki/道の駅おおぎみ","道の駅一覧_九州地方","https://ja.wikipedia.org/wiki/道の駅一覧_九州地方","表形式","北緯26度39分38.88秒東経128度6分8.92秒","〒905-1307沖縄県国頭郡大宜味村津波95番地","国道58号","第15回（47002）","2000年8月27日","国土交通省案内ページ全国道の駅連絡会ページ","不明","8:30 - 17:30","","","","","","","","","","","",""
"道の駅ゆいゆい国頭","ゆいゆい国頭（ゆいゆいくにがみ）国頭郡国頭村国道58号沖縄-03 ","https://ja.wikipedia.org/wiki/道の駅ゆいゆい国頭","道の駅一覧_九州地方","https://ja.wikipedia.org/wiki/道の駅一覧_九州地方","表形式","北緯26度43分55秒東経128度10分10秒","〒905-1412沖縄県国頭郡国頭村字奥間1605番地","国道58号","第15回（47003）","1999年8月27日","国土交通省案内ページ全国道の駅連絡会ページ公式ウェブサイト","不明","11:00 - 17:00","","","","","","","","","","","",""
"道の駅かでな","かでな中頭郡嘉手納町県道74号沖縄嘉手納線沖縄-04 ","https://ja.wikipedia.org/wiki/道の駅かでな","道の駅一覧_九州地方","https://ja.wikipedia.org/wiki/道の駅一覧_九州地方","表形式","北緯26度22分05秒東経127度46分27秒","〒904-0202沖縄県中頭郡嘉手納町屋良1026番地3","沖縄県道74号","第19回（47004）","2003年8月8日","国土交通省案内ページ全国道の駅連絡会ページ公式ウェブサイト","2003年4月26日","9:00 - 18:00","","","","","","","","","","","",""
"道の駅喜名番所","きなばんじょ喜名番所（きなばんじょ）中頭郡読谷村国道58号沖縄-05 ","https://ja.wikipedia.org/wiki/道の駅喜名番所","道の駅一覧_九州地方","https://ja.wikipedia.org/wiki/道の駅一覧_九州地方","表形式","北緯26度23分58秒東経127度45分30秒","〒904-0302沖縄県中頭郡読谷村字喜名1番地2","国道58号","第22回（47005）","2006年8月10日","国土交通省案内ページ全国道の駅連絡会ページ","2005年9月","9:00 - 18:00","","","","","","","","","","","",""
"道の駅豊崎","とよさき豊崎（とよさき）豊見城市国道331号沖縄-06 ","https://ja.wikipedia.org/wiki/道の駅豊崎","道の駅一覧_九州地方","https://ja.wikipedia.org/wiki/道の駅一覧_九州地方","表形式","北緯26度09分28秒東経127度39分19秒","〒901-0225沖縄県豊見城市字豊崎3番地の39","国道331号","第29回（47006）","2008年12月10日","国土交通省案内ページ全国道の駅連絡会ページ","2008年12月20日","9:00 - 18:00","","","","","","","","","","","",""
"道の駅いとまん","いとまん糸満市国道331号沖縄-07 ","https://ja.wikipedia.org/wiki/道の駅いとまん","道の駅一覧_九州地方","https://ja.wikipedia.org/wiki/道の駅一覧_九州地方","表形式","北緯26度08分18秒東経127度39分40秒","〒901-0306沖縄県糸満市西崎町4丁目19番地の1","国道331号","第31回（47007）","2009年6月12日","国土交通省案内ページ全国道の駅連絡会ページ公式ウェブサイト","2009年9月11日","9:00 - 20:00","","","","","","","","","","","",""
"道の駅ぎのざ","ぎのざ国頭郡宜野座村国道329号沖縄-08 ","https://ja.wikipedia.org/wiki/道の駅ぎのざ","道の駅一覧_九州地方","https://ja.wikipedia.org/wiki/道の駅一覧_九州地方","表形式","北緯26度28分25秒東経127度57分07秒","〒904-1304沖縄県国頭郡宜野座村字漢那1633番地","国道329号","第42回（47008）","2014年10月10日","国土交通省案内ページ全国道の駅連絡会ページ公式ウェブサイト","","9:00 - 19:00","","","","","","","","","","","",""
"道の駅サンライズひがし","サンライズひがし国頭郡東村県道70号国頭東線沖縄-09 ","https://ja.wikipedia.org/wiki/道の駅サンライズひがし","道の駅一覧_九州地方","https://ja.wikipedia.org/wiki/道の駅一覧_九州地方","表形式","北緯26度37分51.4秒東経128度9分12.7秒","〒905-1204沖縄県国頭郡東村字平良550番地23","沖縄県道70号国頭東線","第52回（47009）","2020年3月13日[1]","全国道の駅連絡会ページ","不明","09:00 - 18:00（直売所）11:00 - 17:00（レストラン）","","","","","","","","","","","",""
