"タイトル","コメント","URL","親リストタイトル","親リストURL","一覧抽出方法","座標","所在地","登録路線","登録回","登録日","外部リンク","開駅日","営業時間","所属路線","本線標識の表記","供用開始日","起点からの距離","公式サイト","テーマ","開園","位置","IC番号","通行台数","備考","分類"
"道の駅大栄","だいえい大栄（だいえい）東伯郡北栄町国道9号鳥取-01","https://ja.wikipedia.org/wiki/道の駅大栄","道の駅一覧_中国地方","https://ja.wikipedia.org/wiki/道の駅一覧_中国地方","表形式","北緯35度29分55.5秒東経133度45分42.5秒","〒689-2221鳥取県東伯郡北栄町由良宿1458-10","国道9号","第1回（31001）","1993年4月22日","国土交通省案内ページ全国道の駅連絡会ページ","1993年4月22日","8:30 - 17:30","","","","","","","","","","","",""
"道の駅三朝・楽市楽座","みささらくいちらくざ三朝・楽市楽座（みささらくいちらくざ）東伯郡三朝町国道179号鳥取-02","https://ja.wikipedia.org/wiki/道の駅三朝・楽市楽座","道の駅一覧_中国地方","https://ja.wikipedia.org/wiki/道の駅一覧_中国地方","表形式","北緯35度21分58.8秒東経133度51分1.2秒","〒682-0177鳥取県東伯郡三朝町大柿591","国道179号","第1回（31002）","1993年4月22日","国土交通省案内ページ全国道の駅連絡会ページ","1993年4月22日","8:30 - 17:00","","","","","","","","","","","",""
"道の駅北条公園","ほうじょうこうえん北条公園（ほうじょうこうえん）東伯郡北栄町国道9号鳥取-03","https://ja.wikipedia.org/wiki/道の駅北条公園","道の駅一覧_中国地方","https://ja.wikipedia.org/wiki/道の駅一覧_中国地方","表形式","北緯35度29分53.6秒東経133度49分11.9秒","〒689-2102鳥取県東伯郡北栄町国坂1525-92","国道9号","第3回（31003）","1993年11月24日","国土交通省案内ページ全国道の駅連絡会ページ","1993年11月24日","9:00 - 18:00","","","","","","","","","","","",""
"道の駅ポート赤碕","ぽーとあかさきポート赤碕（ポートあかさき）東伯郡琴浦町国道9号鳥取-04","https://ja.wikipedia.org/wiki/道の駅ポート赤碕","道の駅一覧_中国地方","https://ja.wikipedia.org/wiki/道の駅一覧_中国地方","表形式","北緯35度30分24.9秒東経133度39分45.9秒","〒689-2502鳥取県東伯郡琴浦町別所255","国道9号","第3回（31004）","1993年11月24日","国土交通省案内ページ全国道の駅連絡会ページ","1994年8月9日","8:30 - 18:00","","","","","","","","","","","",""
"道の駅はっとう","はっとう八頭郡八頭町国道29号鳥取-05","https://ja.wikipedia.org/wiki/道の駅はっとう","道の駅一覧_中国地方","https://ja.wikipedia.org/wiki/道の駅一覧_中国地方","表形式","北緯35度21分59.2秒東経134度20分22.7秒","〒680-0607鳥取県八頭郡八頭町徳丸625","国道29号","第9回（31005）","1995年8月3日","国土交通省案内ページ全国道の駅連絡会ページ公式ウェブサイト","1996年4月1日","9:00- 17:30（4 - 10月）9:00 - 17:00（11 - 3月）","","","","","","","","","","","",""
"道の駅犬挟","いぬばさり犬挟（いぬばさり）倉吉市国道313号鳥取-06","https://ja.wikipedia.org/wiki/道の駅犬挟","道の駅一覧_中国地方","https://ja.wikipedia.org/wiki/道の駅一覧_中国地方","表形式","北緯35度19分45.3秒東経133度45分22.0秒","〒682-0412鳥取県倉吉市関金町山口2030-46","国道313号","第13回（31006）","1997年10月22日","国土交通省案内ページ全国道の駅連絡会ページ公式ウェブサイト","1998年8月8日","9:00 - 19:00（4月 - 10月）9:00 - 18:00（11月 - 3月）","","","","","","","","","","","",""
"はわいサービスエリア","はわい東伯郡湯梨浜町国道9号鳥取-07山陰自動車道はわいSAに併設","https://ja.wikipedia.org/wiki/はわいサービスエリア","道の駅一覧_中国地方","https://ja.wikipedia.org/wiki/道の駅一覧_中国地方","表形式","北緯35度29分45.0秒東経133度53分29.4秒","〒682-0701鳥取県東伯郡湯梨浜町宇野2343北緯35度29分45.0秒東経133度53分29.4秒座標:北緯35度29分45.0秒 東経133度53分29.4秒","","","","","","",".mw-parser-output .jaexpsign{text-align:center;background-color:#00702C;color:white}.mw-parser-output .jaroadsign{text-align:center;background-color:blue;color:white}.mw-parser-output .roadname{width:250px;border-radius:10px;padding:1em;margin:0.2em auto}.mw-parser-output .roadname p{margin:5px auto}.mw-parser-output .routenumber{display:inline-block;min-width:2em;border-radius:4px;padding-left:0.25em;padding-right:0.25em;font-weight:bold}E9山陰自動車道","道の駅はわい","2003年（平成15年）3月21日","30.5 km（鳥取IC起点）","","","","","","","",""
"道の駅神話の里 白うさぎ","しんわのさとしろうさぎ神話の里 白うさぎ（しんわのさとしろうさぎ）鳥取市国道9号鳥取-08重点「道の駅」","https://ja.wikipedia.org/wiki/道の駅神話の里_白うさぎ","道の駅一覧_中国地方","https://ja.wikipedia.org/wiki/道の駅一覧_中国地方","表形式","北緯35度31分32.0秒東経134度6分51.8秒","〒689-0206鳥取県鳥取市白兎613","国道9号","第21回（31008）","2005年8月10日","国土交通省案内ページ全国道の駅連絡会ページ公式ウェブサイト","2006年4月21日","7:00 - 22:00","","","","","","","","","","","",""
"道の駅清流茶屋 かわはら","せいりゅうちゃやかわはら清流茶屋 かわはら（せいりゅうちゃやかわはら）鳥取市国道53号鳥取-09鳥取自動車道の河原IC/PAに併設","https://ja.wikipedia.org/wiki/道の駅清流茶屋_かわはら","道の駅一覧_中国地方","https://ja.wikipedia.org/wiki/道の駅一覧_中国地方","表形式","北緯35度23分35.9秒東経134度12分9.9秒","〒680-1213鳥取県鳥取市河原町高福837","国道53号","第21回（31009）","2005年8月10日","国土交通省案内ページ全国道の駅連絡会ページ公式ウェブサイト","2006年4月21日","8:00 - 19:00","","","","","","","","","","","",""
"道の駅若桜","わかさ若桜（わかさ）八頭郡若桜町国道29号鳥取-10若桜駅に隣接","https://ja.wikipedia.org/wiki/道の駅若桜","道の駅一覧_中国地方","https://ja.wikipedia.org/wiki/道の駅一覧_中国地方","表形式","北緯35度20分38.0秒東経134度24分1.1秒","〒680-0701鳥取県八頭郡若桜町若桜983-2","国道29号","第27回（31010）","2008年5月19日","国土交通省案内ページ全国道の駅連絡会ページ公式ウェブサイト","2008年6月1日","9:00 - 18:00（3月 - 12月）9:00 - 17:00（1月 - 2月）","","","","","","","","","","","",""
"道の駅大山恵みの里","だいせんめぐみのさと大山恵みの里（だいせんめぐみのさと）西伯郡大山町県道240号旧奈和西坪線鳥取-11","https://ja.wikipedia.org/wiki/道の駅大山恵みの里","道の駅一覧_中国地方","https://ja.wikipedia.org/wiki/道の駅一覧_中国地方","表形式","北緯35度30分16.7秒東経133度30分7.6秒","〒689-3212鳥取県西伯郡大山町名和951-6","鳥取県道240号","第30回（31011）","2009年3月12日","国土交通省案内ページ全国道の駅連絡会ページ公式ウェブサイト","2009年4月4日","10:00 - 19:00","","","","","","","","","","","",""
"燕趙園","えんちょうえん燕趙園（えんちょうえん）東伯郡湯梨浜町県道22号倉吉青谷線鳥取-12燕趙園に併設","https://ja.wikipedia.org/wiki/燕趙園#道の駅燕趙園","道の駅一覧_中国地方","https://ja.wikipedia.org/wiki/道の駅一覧_中国地方","表形式","北緯35度27分57.2秒東経133度53分34.8秒","〒689-0715鳥取県東伯郡湯梨浜町引地563番地1","","","","","","","","","","","https://www.encho-en.com/","中国の皇家園林","1995年","北緯35度27分57.2秒東経133度53分34.8秒座標:北緯35度27分57.2秒 東経133度53分34.8秒","","","",""
"道の駅きなんせ岩美","きなんせ岩美（きなんせいわみ）岩美郡岩美町国道9号鳥取-13","https://ja.wikipedia.org/wiki/道の駅きなんせ岩美","道の駅一覧_中国地方","https://ja.wikipedia.org/wiki/道の駅一覧_中国地方","表形式","北緯35度34分2.0秒東経134度19分33.1秒","〒681-0065鳥取県岩美郡岩美町新井337-4","国道9号","第43回（31013）","2015年4月15日","国土交通省案内ページ全国道の駅連絡会ページ公式ウェブサイト","2015年7月20日","9:00 - 19:00","","","","","","","","","","","",""
"道の駅奥大山","おくだいせん奥大山（おくだいせん）日野郡江府町国道181号鳥取-14米子自動車道江府ICに隣接","https://ja.wikipedia.org/wiki/道の駅奥大山","道の駅一覧_中国地方","https://ja.wikipedia.org/wiki/道の駅一覧_中国地方","表形式","北緯35度17分46.0秒東経133度28分26.6秒","〒689-4431鳥取県日野郡江府町佐川908-3","国道181号","第43回（31014）","2015年4月15日","国土交通省案内ページ全国道の駅連絡会ページ公式ウェブサイト","2015年4月24日","9:00 - 17:00","","","","","","","","","","","",""
"道の駅にちなん日野川の郷","にちなん日野川の郷（にちなんひのがわのさと）日野郡日南町県道8号新見日南線鳥取-15重点「道の駅」","https://ja.wikipedia.org/wiki/道の駅にちなん日野川の郷","道の駅一覧_中国地方","https://ja.wikipedia.org/wiki/道の駅一覧_中国地方","表形式","北緯35度10分14.7秒東経133度18分40.1秒","〒689-5211鳥取県日野郡日南町生山386","鳥取県道8号新見日南線","第44回（31015）","2015年11月5日","国土交通省案内ページ全国道の駅連絡会ページ公式ウェブサイト","2016年4月22日","9:00 - 18:00","","","","","","","","","","","",""
"琴浦パーキングエリア","ことのうら琴の浦（ことのうら）東伯郡琴浦町山陰自動車道鳥取-16山陰自動車道琴の浦IC/琴浦PAに併設重点「道の駅」","https://ja.wikipedia.org/wiki/琴浦パーキングエリア","道の駅一覧_中国地方","https://ja.wikipedia.org/wiki/道の駅一覧_中国地方","表形式","北緯35度30分07.8秒東経133度39分30.3秒","〒689-2502鳥取県東伯郡琴浦町大字別所1030番地1北緯35度30分07.8秒東経133度39分30.3秒座標:北緯35度30分07.8秒 東経133度39分30.3秒","","","","","","",".mw-parser-output .jaexpsign{text-align:center;background-color:#00702C;color:white}.mw-parser-output .jaroadsign{text-align:center;background-color:blue;color:white}.mw-parser-output .roadname{width:250px;border-radius:10px;padding:1em;margin:0.2em auto}.mw-parser-output .roadname p{margin:5px auto}.mw-parser-output .routenumber{display:inline-block;min-width:2em;border-radius:4px;padding-left:0.25em;padding-right:0.25em;font-weight:bold}E9山陰自動車道","道の駅琴の浦","2011年（平成23年）2月27日","53.1 km（鳥取IC起点）","","","","","10-1","x台/日","上下線集約",""
"道の駅西いなば気楽里","にしいなばきらり西いなば気楽里（にしいなばきらり）鳥取市県道32号郡家鹿野気高線鳥取-17山陰自動車道浜村鹿野温泉ICに隣接","https://ja.wikipedia.org/wiki/道の駅西いなば気楽里","道の駅一覧_中国地方","https://ja.wikipedia.org/wiki/道の駅一覧_中国地方","表形式","北緯35度29分50.9秒東経134度3分10.9秒","〒689-0422鳥取県鳥取市鹿野町岡木280-3","鳥取県道32号郡家鹿野気高線","第50回（31017）","2019年3月19日[1]","国土交通省案内ページ全国道の駅連絡会ページ公式ウェブサイト","2019年6月30日[2]","9:00 - 19:00","","","","","","","","","","","",""
"道の駅掛合の里","かけやのさと掛合の里（かけやのさと）雲南市国道54号島根-01重点「道の駅」","https://ja.wikipedia.org/wiki/道の駅掛合の里","道の駅一覧_中国地方","https://ja.wikipedia.org/wiki/道の駅一覧_中国地方","表形式","北緯35度12分38秒東経132度49分01秒","〒690-2701島根県雲南市掛合町掛合1800-2","国道54号","第1回（32001）","1993年4月22日","国土交通省案内ページ全国道の駅連絡会ページ","1993年8月8日","9:30 - 18:00","","","","","","","","","","","",""
"道の駅頓原","とんばら頓原（とんばら）飯石郡飯南町国道54号島根-02重点「道の駅」","https://ja.wikipedia.org/wiki/道の駅頓原","道の駅一覧_中国地方","https://ja.wikipedia.org/wiki/道の駅一覧_中国地方","表形式","北緯35度05分23秒東経132度47分08秒","〒690-3206島根県飯石郡飯南町花栗48","国道54号","第1回（32002）","1993年4月22日","国土交通省案内ページ全国道の駅連絡会ページ公式ウェブサイト","1993年8月8日","9:00 - 19:30","","","","","","","","","","","",""
"道の駅ゆうひパーク浜田","ゆうひパークはまだゆうひパーク浜田（ゆうひパークはまだ）浜田市国道9号島根-03山陰自動車道のSAでもある重点「道の駅」","https://ja.wikipedia.org/wiki/道の駅ゆうひパーク浜田","道の駅一覧_中国地方","https://ja.wikipedia.org/wiki/道の駅一覧_中国地方","表形式","北緯34度53分20.2秒東経132度4分16.5秒","〒697-0017島根県浜田市原井町1203-1","国道9号","第3回（32003）","1993年11月24日","国土交通省案内ページ全国道の駅連絡会ページ公式ウェブサイト","1994年7月12日","9:00 - 18:00","","","","","","","","","","","",""
"道の駅ゆうひパーク三隅","ゆうひパークみすみゆうひパーク三隅（ゆうひパークみすみ）浜田市国道9号島根-04","https://ja.wikipedia.org/wiki/道の駅ゆうひパーク三隅","道の駅一覧_中国地方","https://ja.wikipedia.org/wiki/道の駅一覧_中国地方","表形式","北緯34度49分13.7秒東経131度58分36.7秒","〒699-3222島根県浜田市三隅町折居220-1","国道9号","第3回（32004）","1993年11月24日","国土交通省案内ページ全国道の駅連絡会ページ","1994年6月28日","9:00 - 17:309:00 - 17:00（水曜のみ）","","","","","","","","","","","",""
"道の駅瑞穂","みずほ瑞穂（みずほ）邑智郡邑南町国道261号島根-05","https://ja.wikipedia.org/wiki/道の駅瑞穂","道の駅一覧_中国地方","https://ja.wikipedia.org/wiki/道の駅一覧_中国地方","表形式","北緯34度51分16秒東経132度31分08秒","〒696-0222島根県邑智郡邑南町下田所260-3","国道261号","第3回（32005）","1993年11月24日","国土交通省案内ページ全国道の駅連絡会ページ","1993年12月4日","7:00 - 18:00","","","","","","","","","","","",""
"道の駅グリーンロード大和","ぐりーんろーどだいわグリーンロード大和（グリーンロードだいわ）邑智郡美郷町国道375号島根-06","https://ja.wikipedia.org/wiki/道の駅グリーンロード大和","道の駅一覧_中国地方","https://ja.wikipedia.org/wiki/道の駅一覧_中国地方","表形式","北緯34度58分03秒東経132度38分30秒","〒696-0706島根県邑智郡美郷町長藤248-2","国道375号","第3回（32006）","1993年11月24日","国土交通省案内ページ全国道の駅連絡会ページ","1994年6月28日","9:30 - 18:00","","","","","","","","","","","",""
"道の駅大社ご縁広場","たいしゃごえんひろば大社ご縁広場（たいしゃごえんひろば）出雲市県道161号斐川出雲大社線島根-07","https://ja.wikipedia.org/wiki/道の駅大社ご縁広場","道の駅一覧_中国地方","https://ja.wikipedia.org/wiki/道の駅一覧_中国地方","表形式","北緯35度23分21秒東経132度41分11秒","〒699-0721島根県出雲市大社町修理免735-5","島根県道161号","第3回（32007）","1993年11月24日","国土交通省案内ページ全国道の駅連絡会ページ公式ウェブサイト","1994年2月1日","8:30 - 17:00","","","","","","","","","","","",""
"道の駅サンエイト美都","さんえいとみとサンエイト美都（サンエイトみと）益田市国道191号島根-08","https://ja.wikipedia.org/wiki/道の駅サンエイト美都","道の駅一覧_中国地方","https://ja.wikipedia.org/wiki/道の駅一覧_中国地方","表形式","北緯34度41分16秒東経132度01分20秒","〒698-0202島根県益田市美都町宇津川ロ586-2","国道191号","第6回（32008）","1994年8月4日","国土交通省案内ページ全国道の駅連絡会ページ公式ウェブサイト","不明","10:00 - 18:00","","","","","","","","","","","",""
"道の駅奥出雲おろちループ","おくいずもおろちループ奥出雲おろちループ（おくいずもおろちループ）仁多郡奥出雲町国道314号島根-09奥出雲おろちループに併設","https://ja.wikipedia.org/wiki/道の駅奥出雲おろちループ","道の駅一覧_中国地方","https://ja.wikipedia.org/wiki/道の駅一覧_中国地方","表形式","北緯35度05分45秒東経133度07分38秒","〒699-1811島根県仁多郡奥出雲町八川2500-294","国道314号","第6回（32009）","1994年8月4日","国土交通省案内ページ全国道の駅連絡会ページ公式ウェブサイト","1994年8月10日","8:30 - 17:30","","","","","","","","","","","",""
"道の駅広瀬・富田城","ひろせとだじょう広瀬・富田城（ひろせとだじょう）安来市県道45号安来木次線島根-10","https://ja.wikipedia.org/wiki/道の駅広瀬・富田城","道の駅一覧_中国地方","https://ja.wikipedia.org/wiki/道の駅一覧_中国地方","表形式","北緯35度22分06秒東経133度10分50秒","〒692-0402島根県安来市広瀬町町帳775-1","島根県道45号","第9回（32010）","1995年8月3日","国土交通省案内ページ全国道の駅連絡会ページ","1995年10月10日","10:00 - 17:00","","","","","","","","","","","",""
"道の駅赤来高原","あかぎこうげん赤来高原（あかぎこうげん）飯石郡飯南町国道54号島根-11重点「道の駅」","https://ja.wikipedia.org/wiki/道の駅赤来高原","道の駅一覧_中国地方","https://ja.wikipedia.org/wiki/道の駅一覧_中国地方","表形式","北緯34度59分56秒東経132度42分50秒","〒690-3513島根県飯石郡飯南町下赤名880-3","国道54号","第11回（32011）","1996年8月5日","国土交通省案内ページ全国道の駅連絡会ページ","1997年3月27日","9:00 - 20:00","","","","","","","","","","","",""
"道の駅かきのきむら","かきのきむら鹿足郡吉賀町国道187号島根-12","https://ja.wikipedia.org/wiki/道の駅かきのきむら","道の駅一覧_中国地方","https://ja.wikipedia.org/wiki/道の駅一覧_中国地方","表形式","北緯34度26分33秒東経131度52分03秒","〒699-5301島根県鹿足郡吉賀町柿木500-1","国道187号","第11回（32012）","1996年8月5日","国土交通省案内ページ全国道の駅連絡会ページ公式ウェブサイト","1997年4月1日","8:30 - 18:00","","","","","","","","","","","",""
"道の駅キララ多伎","きららたきキララ多伎（キララたき）出雲市国道9号島根-13","https://ja.wikipedia.org/wiki/道の駅キララ多伎","道の駅一覧_中国地方","https://ja.wikipedia.org/wiki/道の駅一覧_中国地方","表形式","北緯35度17分26.8秒東経132度37分57.0秒","〒699-0902島根県出雲市多伎町多岐135-1","国道9号","第13回（32013）","1997年10月22日","国土交通省案内ページ全国道の駅連絡会ページ公式ウェブサイト","1998年4月25日","9:00 - 18:30","","","","","","","","","","","",""
"道の駅湯の川","ゆのかわ湯の川（ゆのかわ）出雲市国道9号島根-14","https://ja.wikipedia.org/wiki/道の駅湯の川","道の駅一覧_中国地方","https://ja.wikipedia.org/wiki/道の駅一覧_中国地方","表形式","北緯35度23分44.5秒東経132度52分9.5秒","〒699-0501島根県出雲市斐川町学頭825-2","国道9号","第14回（32014）","1998年4月17日","国土交通省案内ページ全国道の駅連絡会ページ公式ウェブサイト","1999年10月17日","9:00 - 19:00","","","","","","","","","","","",""
"道の駅シルクウェイにちはら","しるくうぇいにちはらシルクウェイにちはら鹿足郡津和野町国道9号島根-15","https://ja.wikipedia.org/wiki/道の駅シルクウェイにちはら","道の駅一覧_中国地方","https://ja.wikipedia.org/wiki/道の駅一覧_中国地方","表形式","北緯34度33分13.5秒東経131度48分24.2秒","〒699-5216島根県鹿足郡津和野町池村1997-4","国道9号","第14回（32015）","1998年4月17日","国土交通省案内ページ全国道の駅連絡会ページ公式ウェブサイト","1999年6月26日","8:00 - 20:00","","","","","","","","","","","",""
"道の駅秋鹿なぎさ公園","あいかなぎさこうえん秋鹿なぎさ公園（あいかなぎさこうえん）松江市国道431号島根-16","https://ja.wikipedia.org/wiki/道の駅秋鹿なぎさ公園","道の駅一覧_中国地方","https://ja.wikipedia.org/wiki/道の駅一覧_中国地方","表形式","北緯35度28分28秒東経132度57分02秒","〒690-0262島根県松江市岡本町1048-1","国道431号","第14回（32016）","1998年4月17日","国土交通省案内ページ全国道の駅連絡会ページ公式ウェブサイト","1999年4月27日","9:00 - 21:00","","","","","","","","","","","",""
"道の駅津和野温泉なごみの里","つわのおんせんなごみのさと津和野温泉なごみの里（つわのおんせんなごみのさと）鹿足郡津和野町県道13号萩津和野線島根-17","https://ja.wikipedia.org/wiki/道の駅津和野温泉なごみの里","道の駅一覧_中国地方","https://ja.wikipedia.org/wiki/道の駅一覧_中国地方","表形式","北緯34度27分01秒東経131度45分39秒","〒699-5613島根県鹿足郡津和野町鷲原イ256","島根県道13号萩津和野線","第16回（32017）","2000年8月18日","国土交通省案内ページ全国道の駅連絡会ページ公式ウェブサイト","2001年4月22日","9:00 - 22:00","","","","","","","","","","","",""
"道の駅さくらの里きすき","さくらの里きすき（さくらのさときすき）雲南市国道54号島根-18","https://ja.wikipedia.org/wiki/道の駅さくらの里きすき","道の駅一覧_中国地方","https://ja.wikipedia.org/wiki/道の駅一覧_中国地方","表形式","北緯35度19分08秒東経132度54分44秒","〒699-1312島根県雲南市木次町山方1134-9","国道54号","第17回（32018）","2001年8月21日","国土交通省案内ページ全国道の駅連絡会ページ","2001年10月20日","9:00 - 19:00","","","","","","","","","","","",""
"道の駅本庄","ほんじょう本庄（ほんじょう）松江市国道431号島根-19","https://ja.wikipedia.org/wiki/道の駅本庄","道の駅一覧_中国地方","https://ja.wikipedia.org/wiki/道の駅一覧_中国地方","表形式","北緯35度31分05秒東経133度08分12秒","〒690-1114島根県松江市野原町401-8","国道431号","第21回（32019）","2005年8月10日","国土交通省案内ページ全国道の駅連絡会ページ公式ウェブサイト","2006年5月3日","9:00 - 19:00","","","","","","","","","","","",""
"道の駅匹見峡","ひきみきょう匹見峡（ひきみきょう）益田市国道191号島根-20","https://ja.wikipedia.org/wiki/道の駅匹見峡","道の駅一覧_中国地方","https://ja.wikipedia.org/wiki/道の駅一覧_中国地方","表形式","北緯34度38分34秒東経132度05分30秒","〒698-1201島根県益田市匹見町道川イ65-1","国道191号","第21回（32020）","2005年8月10日","国土交通省案内ページ全国道の駅連絡会ページ","2006年4月1日","7:00 - 18:00","","","","","","","","","","","",""
"道の駅酒蔵奥出雲交流館","さかぐらおくいずもこうりゅうかん酒蔵奥出雲交流館（さかぐらおくいずもこうりゅうかん）仁多郡奥出雲町国道432号島根-21","https://ja.wikipedia.org/wiki/道の駅酒蔵奥出雲交流館","道の駅一覧_中国地方","https://ja.wikipedia.org/wiki/道の駅一覧_中国地方","表形式","北緯35度13分38秒東経133度05分12秒","〒699-1701島根県仁多郡奥出雲町亀嵩1380-1","国道432号","第22回（32021）","2006年8月10日","国土交通省案内ページ全国道の駅連絡会ページ公式ウェブサイト","2007年4月27日","8:00 - 19:00","","","","","","","","","","","",""
"道の駅インフォメーションセンターかわもと","いんふぉめーしょんせんたーかわもとインフォメーションセンターかわもと邑智郡川本町国道261号島根-22","https://ja.wikipedia.org/wiki/道の駅インフォメーションセンターかわもと","道の駅一覧_中国地方","https://ja.wikipedia.org/wiki/道の駅一覧_中国地方","表形式","北緯34度57分58秒東経132度28分23秒","〒696-0003島根県邑智郡川本町大字因原505-5","国道261号","第24回（32022）","2007年8月10日","国土交通省案内ページ全国道の駅連絡会ページ","2007年10月13日","8:00 - 20:00","","","","","","","","","","","",""
"道の駅むいかいち温泉","むいかいち温泉（むいかいちおんせん）鹿足郡吉賀町県道16号六日市錦線島根-23","https://ja.wikipedia.org/wiki/道の駅むいかいち温泉","道の駅一覧_中国地方","https://ja.wikipedia.org/wiki/道の駅一覧_中国地方","表形式","北緯34度21分10秒東経131度56分38秒","〒699-5513島根県鹿足郡吉賀町有飯225-2","島根県道16号六日市錦線","第33回（32023）","2010年3月3日","国土交通省案内ページ全国道の駅連絡会ページ公式ウェブサイト","2010年4月3日","","","","","","","","","","","","",""
"道の駅ロード銀山","ろーどぎんざんロード銀山（ロードぎんざん）大田市国道9号島根-24","https://ja.wikipedia.org/wiki/道の駅ロード銀山","道の駅一覧_中国地方","https://ja.wikipedia.org/wiki/道の駅一覧_中国地方","表形式","北緯35度13分19.5秒東経132度30分50.3秒","〒694-0052島根県大田市久手町刺鹿1945-1","国道9号","第33回（32024）","2010年3月1日","国土交通省案内ページ全国道の駅連絡会ページ公式ウェブサイト","2010年5月1日","","","","","","","","","","","","",""
"道の駅サンピコごうつ","さんぴこごうつサンピコごうつ江津市国道9号島根-25","https://ja.wikipedia.org/wiki/道の駅サンピコごうつ","道の駅一覧_中国地方","https://ja.wikipedia.org/wiki/道の駅一覧_中国地方","表形式","北緯35度2分42.4秒東経132度17分56.0秒","〒699-2841島根県江津市後地町995-1","国道9号","第33回（32025）","2010年3月1日","国土交通省案内ページ全国道の駅連絡会ページ","2010年4月20日","9:00 - 18:30","","","","","","","","","","","",""
"道の駅おろちの里","おろちの里（おろちのさと）雲南市国道314号島根-26","https://ja.wikipedia.org/wiki/道の駅おろちの里","道の駅一覧_中国地方","https://ja.wikipedia.org/wiki/道の駅一覧_中国地方","表形式","北緯35度13分13秒東経132度57分44秒","〒699-1341島根県雲南市木次町北原1603","国道314号","第35回（32026）","2011年3月3日","国土交通省案内ページ全国道の駅連絡会ページ公式ウェブサイト","2011年5月15日","","","","","","","","","","","","",""
"道の駅あらエッサ","あらエッサ安来市国道9号国道180号島根-27","https://ja.wikipedia.org/wiki/道の駅あらエッサ","道の駅一覧_中国地方","https://ja.wikipedia.org/wiki/道の駅一覧_中国地方","表形式","北緯35度24分34.3秒東経133度18分44.9秒","〒692-0074島根県安来市中海町118-1","国道9号","第35回（32027）","2011年3月3日","国土交通省案内ページ全国道の駅連絡会ページ公式ウェブサイト","2011年4月26日","9:00 - 18:00","","","","","","","","","","","",""
"道の駅たたらば壱番地","たたらば壱番地（たたらばいちばんち）雲南市市道雲南吉田インター線島根-28松江自動車道雲南吉田ICに併設","https://ja.wikipedia.org/wiki/道の駅たたらば壱番地","道の駅一覧_中国地方","https://ja.wikipedia.org/wiki/道の駅一覧_中国地方","表形式","北緯35度10分01秒東経132度49分49秒","〒690-2801島根県雲南市吉田町吉田4378-31[1]",".mw-parser-output .jaexpsign{text-align:center;background-color:#00702C;color:white}.mw-parser-output .jaroadsign{text-align:center;background-color:blue;color:white}.mw-parser-output .roadname{width:250px;border-radius:10px;padding:1em;margin:0.2em auto}.mw-parser-output .roadname p{margin:5px auto}.mw-parser-output .routenumber{display:inline-block;min-width:2em;border-radius:4px;padding-left:0.25em;padding-right:0.25em;font-weight:bold}E54松江自動車道雲南市道雲南吉田インター線","第36回（32028）","2012年9月14日[1]","国土交通省案内ページ全国道の駅連絡会ページ","2013年3月30日[2]","08:30 - 19:30","","","","","","","","","","","",""
"道の駅ごいせ仁摩","ごいせにまごいせ仁摩（ごいせにま）大田市県道31号仁摩邑南線島根-292021年度オープン予定[1]","https://ja.wikipedia.org/wiki/道の駅ごいせ仁摩","道の駅一覧_中国地方","https://ja.wikipedia.org/wiki/道の駅一覧_中国地方","表形式","","〒699-2303島根県大田市仁摩町大国42-1","島根県道31号仁摩邑南線","第53回（32029）","2020年7月1日[1]","全国道の駅連絡会ページ","2021年秋ごろ（予定）","","","","","","","","","","","","",""
"道の駅かもがわ円城","かもがわ円城（かもがわえんじょう）加賀郡吉備中央町国道429号岡山-01","https://ja.wikipedia.org/wiki/道の駅かもがわ円城","道の駅一覧_中国地方","https://ja.wikipedia.org/wiki/道の駅一覧_中国地方","表形式","北緯34度53分32秒東経133度48分51秒","〒709-2413岡山県加賀郡吉備中央町上田西2325-1","国道429号","第3回（33001）","1993年11月24日","国土交通省案内ページ全国道の駅連絡会ページ","1994年5月31日","8:30 - 17:00","","","","","","","","","","","",""
"道の駅がいせん桜 新庄宿","がいせん桜 新庄宿（がいせんざくらしんじょうしゅく）真庭郡新庄村国道181号岡山-02旧称「メルヘンの里新庄」","https://ja.wikipedia.org/wiki/道の駅がいせん桜_新庄宿","道の駅一覧_中国地方","https://ja.wikipedia.org/wiki/道の駅一覧_中国地方","表形式","北緯35度10分32秒東経133度34分19秒","〒717-0201岡山県真庭郡新庄村2190-1","国道181号","第3回（33002）","1993年11月24日","国土交通省案内ページ全国道の駅連絡会ページ公式ウェブサイト","1995年10月13日","9:00 - 18:00冬期間は9:00 - 17:00","","","","","","","","","","","",""
"道の駅あわくらんど","あわくらんど英田郡西粟倉村国道373号岡山-03鳥取自動車道西粟倉ICに併設","https://ja.wikipedia.org/wiki/道の駅あわくらんど","道の駅一覧_中国地方","https://ja.wikipedia.org/wiki/道の駅一覧_中国地方","表形式","北緯35度10分49秒東経134度20分7秒","〒707-0503岡山県英田郡西粟倉村影石418","国道373号","第6回（33003）","1994年8月4日","国土交通省案内ページ全国道の駅連絡会ページ公式ウェブサイト","1994年8月10日","9:00 - 19:00（7月 - 9月を除く平日）9:00 - 20:00（土曜・休日および7月 - 9月）","","","","","","","","","","","",""
"道の駅くめなん","くめなん久米郡久米南町国道53号岡山-04","https://ja.wikipedia.org/wiki/道の駅くめなん","道の駅一覧_中国地方","https://ja.wikipedia.org/wiki/道の駅一覧_中国地方","表形式","北緯34度54分44秒東経133度56分50秒","〒709-3617岡山県久米郡久米南町下二ケ1367-1","国道53号","第9回（33004）","1995年8月3日","国土交通省案内ページ全国道の駅連絡会ページ公式ウェブサイト","1996年4月26日","7:30 - 19:30","","","","","","","","","","","",""
"道の駅みやま公園","みやま公園（みやまこうえん）玉野市国道30号岡山-05","https://ja.wikipedia.org/wiki/道の駅みやま公園","道の駅一覧_中国地方","https://ja.wikipedia.org/wiki/道の駅一覧_中国地方","表形式","北緯34度30分41.8秒東経133度55分48.8秒","日本岡山県玉野市田井2丁目","","","","","","","","","","","深山公園ホームページ","","","","","","","都市公園（風致公園）"
"道の駅一本松展望園","いっぽんまつてんぼうえん一本松展望園（いっぽんまつてんぼうえん）瀬戸内市県道397号寒河本庄岡山線岡山-06","https://ja.wikipedia.org/wiki/道の駅一本松展望園","道の駅一覧_中国地方","https://ja.wikipedia.org/wiki/道の駅一覧_中国地方","表形式","北緯34度39分23秒東経134度09分56秒","〒701-4212岡山県瀬戸内市邑久町尻海3539","岡山県道397号","第10回（33006）","1996年4月16日","国土交通省案内ページ全国道の駅連絡会ページ公式ウェブサイト","1996年4月20日","9:00 - 17:30","","","","","","","","","","","",""
"道の駅黒井山グリーンパーク","くろいさんグリーンパーク黒井山グリーンパーク（くろいさんグリーンパーク）瀬戸内市県道397号寒河本庄岡山線岡山-07","https://ja.wikipedia.org/wiki/道の駅黒井山グリーンパーク","道の駅一覧_中国地方","https://ja.wikipedia.org/wiki/道の駅一覧_中国地方","表形式","北緯34度41分37秒東経134度12分19秒","〒701-4501岡山県瀬戸内市邑久町虫明5231-1","岡山県道397号","第10回（33007）","1996年4月16日","国土交通省案内ページ全国道の駅連絡会ページ公式ウェブサイト","1996年4月20日","9:00 - 18:00","","","","","","","","","","","",""
"道の駅鯉が窪","こいがくぼ鯉が窪（こいがくぼ）新見市国道182号岡山-08特定テーマ型モデル「道の駅」","https://ja.wikipedia.org/wiki/道の駅鯉が窪","道の駅一覧_中国地方","https://ja.wikipedia.org/wiki/道の駅一覧_中国地方","表形式","北緯34度55分55秒東経133度19分54秒","〒719-3701岡山県新見市哲西町矢田3585-1","国道182号","第11回（33008）","1996年8月5日","国土交通省案内ページ全国道の駅連絡会ページ公式ウェブサイト","不明","8:30 - 18:00","","","","","","","","","","","",""
"道の駅蒜山高原","ひるぜんこうげん蒜山高原（ひるぜんこうげん）真庭市県道422号蒜山高原線岡山-09","https://ja.wikipedia.org/wiki/道の駅蒜山高原","道の駅一覧_中国地方","https://ja.wikipedia.org/wiki/道の駅一覧_中国地方","表形式","北緯35度17分41秒東経133度40分04秒","〒717-0503岡山県真庭市蒜山富山根694-129","岡山県道422号","第11回（33009）","1996年8月5日","国土交通省案内ページ全国道の駅連絡会ページ","不明","9:00 - 18:00（9 - 6月）8:00 - 18:00（7、8月）","","","","","","","","","","","",""
"道の駅風の家","かぜのいえ風の家（かぜのいえ）真庭市国道482号岡山-10","https://ja.wikipedia.org/wiki/道の駅風の家","道の駅一覧_中国地方","https://ja.wikipedia.org/wiki/道の駅一覧_中国地方","表形式","北緯35度16分36秒東経133度37分26秒","〒717-0612岡山県真庭市蒜山上徳山1380-6","国道482号","第13回（33010）","1997年10月22日","国土交通省案内ページ全国道の駅連絡会ページ公式ウェブサイト","1994年9月","8:30 - 16:30（時期により変動有り）","","","","","","","","","","","",""
"道の駅彩菜茶屋","さいさいぢゃや彩菜茶屋（さいさいぢゃや）美作市県道51号美作奈義線岡山-11","https://ja.wikipedia.org/wiki/道の駅彩菜茶屋","道の駅一覧_中国地方","https://ja.wikipedia.org/wiki/道の駅一覧_中国地方","表形式","北緯35度00分53秒東経134度09分03秒","〒707-0003岡山県美作市明見167","岡山県道51号","第13回（33011）","1997年10月22日","国土交通省案内ページ全国道の駅連絡会ページ公式ウェブサイト","1997年10月22日","8:00 - 18:00","","","","","","","","","","","",""
"道の駅奥津温泉","おくつおんせん奥津温泉（おくつおんせん）苫田郡鏡野町国道179号岡山-12","https://ja.wikipedia.org/wiki/道の駅奥津温泉","道の駅一覧_中国地方","https://ja.wikipedia.org/wiki/道の駅一覧_中国地方","表形式","北緯35度13分24秒東経133度55分23秒","〒708-0503岡山県苫田郡鏡野町奥津463-1","国道179号","第15回（33012）","1999年8月27日","国土交通省案内ページ全国道の駅連絡会ページ公式ウェブサイト","不明","9:00 - 18:00","","","","","","","","","","","",""
"道の駅久米の里","くめのさと久米の里（くめのさと）津山市国道181号岡山-13","https://ja.wikipedia.org/wiki/道の駅久米の里","道の駅一覧_中国地方","https://ja.wikipedia.org/wiki/道の駅一覧_中国地方","表形式","北緯35度03分22秒東経133度55分22秒","〒709-4613岡山県津山市宮尾563-1","国道181号","第16回（33013）","2000年8月18日","国土交通省案内ページ全国道の駅連絡会ページ公式ウェブサイト","2000年5月","9:30 - 18:00","","","","","","","","","","","",""
"道の駅醍醐の里","だいごのさと醍醐の里（だいごのさと）真庭市国道313号岡山-14","https://ja.wikipedia.org/wiki/道の駅醍醐の里","道の駅一覧_中国地方","https://ja.wikipedia.org/wiki/道の駅一覧_中国地方","表形式","北緯34度59分29秒東経133度43分31秒","〒719-3152岡山県真庭市鹿田391番地1","国道313号","第18回（33014）","2002年8月13日","国土交通省案内ページ全国道の駅連絡会ページ公式ウェブサイト","2002年11月","10:00 - 18:00","","","","","","","","","","","",""
"道の駅かよう","かよう加賀郡吉備中央町国道484号岡山-15","https://ja.wikipedia.org/wiki/道の駅かよう","道の駅一覧_中国地方","https://ja.wikipedia.org/wiki/道の駅一覧_中国地方","表形式","北緯34度48分59秒東経133度42分18秒","〒716-1551岡山県加賀郡吉備中央町北1977-1","国道484号","第19回（33015）","2003年8月8日","国土交通省案内ページ全国道の駅連絡会ページ","2004年4月1日","8:30 - 17:00","","","","","","","","","","","",""
"道の駅笠岡ベイファーム","かさおかベイファーム笠岡ベイファーム（かさおかベイファーム）笠岡市国道2号笠岡バイパス岡山-16","https://ja.wikipedia.org/wiki/道の駅笠岡ベイファーム","道の駅一覧_中国地方","https://ja.wikipedia.org/wiki/道の駅一覧_中国地方","表形式","北緯34度28分24秒東経133度30分00秒","〒714-0046岡山県笠岡市カブト南町245-5","国道2号","第35回（33016）","2011年3月3日","国土交通省案内ページ全国道の駅連絡会ページ公式ウェブサイト","2011年8月4日","9:00 - 18:00","","","","","","","","","","","",""
"道の駅山陽道やかげ宿","さんようどうやかげしゅく山陽道やかげ宿（さんようどうやかげしゅく）小田郡矢掛町国道486号岡山-17","https://ja.wikipedia.org/wiki/道の駅山陽道やかげ宿","道の駅一覧_中国地方","https://ja.wikipedia.org/wiki/道の駅一覧_中国地方","表形式","北緯34度37分24.8秒東経133度35分30.9秒","〒714-1201岡山県小田郡矢掛町矢掛1988-10","国道486号","第53回（33017）","2020年7月1日[1]","全国道の駅連絡会ページ","2021年3月28日[2]","","","","","","","","","","","","",""
"道の駅リストアステーション","りすとあすてーしょんリストアステーション庄原市国道432号広島-01","https://ja.wikipedia.org/wiki/道の駅リストアステーション","道の駅一覧_中国地方","https://ja.wikipedia.org/wiki/道の駅一覧_中国地方","表形式","北緯34度47分04秒東経133度04分17秒","〒729-3703広島県庄原市総領町下領家1番地3","国道432号","第3回（34001）","1993年11月24日","国土交通省案内ページ全国道の駅連絡会ページ","1993年11月24日","9:00 - 18:00","","","","","","","","","","","",""
"道の駅遊YOUさろん東城","ゆうゆうさろんとうじょう遊YOUさろん東城（ゆうゆうさろんとうじょう）庄原市国道182号広島-02","https://ja.wikipedia.org/wiki/道の駅遊YOUさろん東城","道の駅一覧_中国地方","https://ja.wikipedia.org/wiki/道の駅一覧_中国地方","表形式","北緯34度53分23秒東経133度16分33秒","〒729-5121広島県庄原市東城町川東877","国道182号","第6回（34002）","1994年8月4日","国土交通省案内ページ全国道の駅連絡会ページ公式ウェブサイト","1992年7月27日","9:00 - 18:00","","","","","","","","","","","",""
"道の駅さんわ182ステーション","さんわ182ステーション神石郡神石高原町国道182号広島-03","https://ja.wikipedia.org/wiki/道の駅さんわ182ステーション","道の駅一覧_中国地方","https://ja.wikipedia.org/wiki/道の駅一覧_中国地方","表形式","北緯34度40分26秒東経133度18分00秒","〒720-1604広島県神石郡神石高原町坂瀬川5146-2","国道182号","第6回（34003）","1994年8月4日","国土交通省案内ページ全国道の駅連絡会ページ公式ウェブサイト","1994年8月14日","8:00 - 17:00","","","","","","","","","","","",""
"道の駅豊平どんぐり村","とよひらどんぐりむら豊平どんぐり村（とよひらどんぐりむら）山県郡北広島町県道40号安佐豊平芸北線広島-04","https://ja.wikipedia.org/wiki/道の駅豊平どんぐり村","道の駅一覧_中国地方","https://ja.wikipedia.org/wiki/道の駅一覧_中国地方","表形式","北緯34度38分49秒東経132度26分41秒","〒731-1712広島県山県郡北広島町都志見2609","広島県道40号","第6回（34004）","1994年8月4日","国土交通省案内ページ全国道の駅連絡会ページ公式ウェブサイト","1994年8月14日","8:00 - 21:00","","","","","","","","","","","",""
"道の駅来夢とごうち","らいむとごうち来夢とごうち（らいむとごうち）山県郡安芸太田町国道191号広島-05","https://ja.wikipedia.org/wiki/道の駅来夢とごうち","道の駅一覧_中国地方","https://ja.wikipedia.org/wiki/道の駅一覧_中国地方","表形式","北緯34度34分28秒東経132度16分11秒","〒731-3664広島県山県郡安芸太田町上殿632-2","国道191号","第9回（34005）","1995年8月3日","国土交通省案内ページ全国道の駅連絡会ページ公式ウェブサイト","1995年8月13日","9:00 - 19:00","","","","","","","","","","","",""
"道の駅よがんす白竜","よがんす白竜（よがんすはくりゅう）三原市国道432号広島-06","https://ja.wikipedia.org/wiki/道の駅よがんす白竜","道の駅一覧_中国地方","https://ja.wikipedia.org/wiki/道の駅一覧_中国地方","表形式","北緯34度30分23秒東経132度54分50秒","〒729-1321広島県三原市大和町和木652-3","国道432号","第9回（34006）","1995年8月3日","国土交通省案内ページ全国道の駅連絡会ページ","1996年9月10日","8:00 - 18:00","","","","","","","","","","","",""
"道の駅アリストぬまくま","ありすとぬまくまアリストぬまくま福山市県道47号鞆松永線広島-07","https://ja.wikipedia.org/wiki/道の駅アリストぬまくま","道の駅一覧_中国地方","https://ja.wikipedia.org/wiki/道の駅一覧_中国地方","表形式","北緯34度23分41秒東経133度19分02秒","〒720-0313広島県福山市沼隈町大字常石1805","広島県道47号","第9回（34007）","1995年8月3日","国土交通省案内ページ全国道の駅連絡会ページ公式ウェブサイト","1996年7月1日","8:00 - 17:00","","","","","","","","","","","",""
"道の駅スパ羅漢","すぱらかんスパ羅漢（スパらかん）廿日市市国道186号広島-08","https://ja.wikipedia.org/wiki/道の駅スパ羅漢","道の駅一覧_中国地方","https://ja.wikipedia.org/wiki/道の駅一覧_中国地方","表形式","北緯34度23分21秒東経132度06分15秒","〒738-0226広島県廿日市市飯山21-5","国道186号","第10回（34008）","1996年4月16日","国土交通省案内ページ全国道の駅連絡会ページ公式ウェブサイト","不明","10:00 - 20:00","","","","","","","","","","","",""
"道の駅ゆめランド布野","ゆめランド布野（ゆめランドふの）三次市国道54号広島-09重点「道の駅」","https://ja.wikipedia.org/wiki/道の駅ゆめランド布野","道の駅一覧_中国地方","https://ja.wikipedia.org/wiki/道の駅一覧_中国地方","表形式","北緯34度51分21秒東経132度47分49秒","〒728-0202広島県三次市布野町下布野661番地1","国道54号","第11回（34009）","1996年（平成8年）8月5日","国土交通省案内ページ全国道の駅連絡会ページ公式ウェブサイト","1996年（平成8年）10月18日","9:00 - 19:30","","","","","","","","","","","",""
"道の駅ふぉレスト君田","ふぉレスト君田（ふぉレストきみた）三次市県道39号三次高野線広島-10","https://ja.wikipedia.org/wiki/道の駅ふぉレスト君田","道の駅一覧_中国地方","https://ja.wikipedia.org/wiki/道の駅一覧_中国地方","表形式","北緯34度53分58秒東経132度50分59秒","〒728-0405広島県三次市君田町泉吉田311-3","広島県道39号","第13回（34010）","1997年10月22日","国土交通省案内ページ全国道の駅連絡会ページ","1997年10月21日","9:30 - 18:00","","","","","","","","","","","",""
"道の駅クロスロードみつぎ","くろすろーどみつぎクロスロードみつぎ尾道市国道486号広島-11重点「道の駅」","https://ja.wikipedia.org/wiki/道の駅クロスロードみつぎ","道の駅一覧_中国地方","https://ja.wikipedia.org/wiki/道の駅一覧_中国地方","表形式","北緯34度30分41秒東経133度08分40秒","〒722-0342広島県尾道市御調町大田33","国道486号","第17回（34011）","2001年（平成13年）8月21日","国土交通省案内ページ全国道の駅連絡会ページ公式ウェブサイト","2002年（平成14年）11月9日","9:00 - 19:00","","","","","","","","","","","",""
"道の駅舞ロードIC千代田","まいロードインターちよだ舞ロードIC千代田（まいロードインターちよだ）山県郡北広島町県道5号浜田八重可部線広島-12中国自動車道千代田ICに併設","https://ja.wikipedia.org/wiki/道の駅舞ロードIC千代田","道の駅一覧_中国地方","https://ja.wikipedia.org/wiki/道の駅一覧_中国地方","表形式","北緯34度40分29秒東経132度32分28秒","〒731-1533広島県山県郡北広島町有田1122","広島県道5号浜田八重可部線","第19回（34012）","2003年8月8日","国土交通省案内ページ全国道の駅連絡会ページ公式ウェブサイト","2004年","9:00 - 18:00","","","","","","","","","","","",""
"道の駅北の関宿安芸高田","きたのせきじゅくあきたかた北の関宿安芸高田（きたのせきじゅくあきたかた）安芸高田市県道64号三次美土里線広島-13中国自動車道高田ICに併設","https://ja.wikipedia.org/wiki/道の駅北の関宿安芸高田","道の駅一覧_中国地方","https://ja.wikipedia.org/wiki/道の駅一覧_中国地方","表形式","北緯34度43分17秒東経132度40分51秒","〒731-0611広島県安芸高田市美土里町横田331","広島県道64号","第19回（34013）","2003年8月8日","国土交通省案内ページ全国道の駅連絡会ページ公式ウェブサイト","2004年1月","10:00 - 18:00","","","","","","","","","","","",""
"道の駅湖畔の里福富","こはんのさとふくとみ湖畔の里福富（こはんのさとふくとみ）東広島市国道375号福富バイパス広島-14","https://ja.wikipedia.org/wiki/道の駅湖畔の里福富","道の駅一覧_中国地方","https://ja.wikipedia.org/wiki/道の駅一覧_中国地方","表形式","北緯34度31分56秒東経132度46分34秒","〒739-2303広島県東広島市福富町久芳1506","国道375号","第27回（34014）","2008年5月19日","国土交通省案内ページ全国道の駅連絡会ページ公式ウェブサイト","2008年9月20日","9:30 - 18:00","","","","","","","","","","","",""
"道の駅たけはら","たけはら竹原市国道185号広島-15","https://ja.wikipedia.org/wiki/道の駅たけはら","道の駅一覧_中国地方","https://ja.wikipedia.org/wiki/道の駅一覧_中国地方","表形式","北緯34度20分38秒東経132度54分44秒","〒725-0022広島県竹原市本町一丁目1-1","国道185号","第34回（32015）","2010年8月9日","国土交通省案内ページ全国道の駅連絡会ページ公式ウェブサイト","2010年10月23日","","","","","","","","","","","","",""
"道の駅みはら神明の里","みはら神明の里（みはらしんめいのさと）三原市国道2号三原バイパス広島-16","https://ja.wikipedia.org/wiki/道の駅みはら神明の里","道の駅一覧_中国地方","https://ja.wikipedia.org/wiki/道の駅一覧_中国地方","表形式","北緯34度23分48秒東経133度06分15秒","〒729-0324広島県三原市糸崎4丁目21番1号","国道2号","第36回（34016）","2011年8月25日","国土交通省案内ページ全国道の駅連絡会ページ公式ウェブサイト","2012年3月24日","9:00 - 18:00","","","","","","","","","","","",""
"道の駅たかの","たかの庄原市県道39号三次高野線広島-17松江自動車道高野ICに併設","https://ja.wikipedia.org/wiki/道の駅たかの","道の駅一覧_中国地方","https://ja.wikipedia.org/wiki/道の駅一覧_中国地方","表形式","北緯35度01分27秒東経132度52分54秒","〒727-0423広島県庄原市高野町下門田49番地","広島県道39号","第38回（34017）","2012年9月14日","国土交通省案内ページ全国道の駅連絡会ページ公式ウェブサイト","2013年4月12日","9:00 - 18:00（平日）9:00 - 19:00（土日祝）","","","","","","","","","","","",""
"道の駅世羅","せら世羅（せら）世羅郡世羅町国道432号広島-18尾道自動車道世羅ICに併設","https://ja.wikipedia.org/wiki/道の駅世羅","道の駅一覧_中国地方","https://ja.wikipedia.org/wiki/道の駅一覧_中国地方","表形式","北緯34度35分45.6秒東経133度5分2.2秒","〒729-3302広島県世羅郡世羅町大字川尻字大柳2402番地1","国道432号","第42回（34018）","2014年10月10日","国土交通省案内ページ全国道の駅連絡会ページ","2015年5月23日","8:00 - 19:00","","","","","","","","","","","",""
"道の駅びんご府中","びんご府中（びんごふちゅう）府中市市道府川11号線広島-19","https://ja.wikipedia.org/wiki/道の駅びんご府中","道の駅一覧_中国地方","https://ja.wikipedia.org/wiki/道の駅一覧_中国地方","表形式","北緯34度34分14秒東経133度14分09秒","〒726-0004広島県府中市府川町230-1","市道府川11号線","第45回（34019）","2016年5月10日","国土交通省案内ページ全国道の駅連絡会ページ公式ウェブサイト","2016年10月22日[1][2]","9:00 - 17:00","","","","","","","","","","","",""
"道の駅三矢の里あきたかた","みつやのさとあきたかた三矢の里あきたかた（みつやのさとあきたかた）安芸高田市国道54号広島-20","https://ja.wikipedia.org/wiki/道の駅三矢の里あきたかた","道の駅一覧_中国地方","https://ja.wikipedia.org/wiki/道の駅一覧_中国地方","表形式","北緯34度38分52.4秒東経132度40分26.0秒","〒731-0523広島県安芸高田市吉田町山手1059-1","国道54号","第52回（34020）","2020年3月13日[1]","全国道の駅連絡会ページ","2020年6月1日[2]","9:00 - 18:00","","","","","","","","","","","",""
"道の駅阿武町","あぶちょう阿武町（あぶちょう）阿武郡阿武町国道191号山口-01","https://ja.wikipedia.org/wiki/道の駅阿武町","道の駅一覧_中国地方","https://ja.wikipedia.org/wiki/道の駅一覧_中国地方","表形式","北緯34度29分49秒東経131度28分05秒","〒759-3622山口県阿武郡阿武町大字奈古2249番地","国道191号","第1回（35001）","1993年4月22日","国土交通省案内ページ全国道の駅連絡会ページ公式ウェブサイト","1993年10月","9:00 - 17:00","","","","","","","","","","","",""
"道の駅萩往還","はぎおうかん萩往還（はぎおうかん）萩市県道32号萩秋芳線山口-02旧称「萩往還公園」","https://ja.wikipedia.org/wiki/道の駅萩往還","道の駅一覧_中国地方","https://ja.wikipedia.org/wiki/道の駅一覧_中国地方","表形式","北緯34度22分11秒東経131度24分47秒","〒758-0061山口県萩市大字椿字鹿背ケ坂1258","山口県道32号","第1回（35002）","1993年4月22日","国土交通省案内ページ全国道の駅連絡会ページ公式ウェブサイト","1992年3月27日","9:00 - 18:00","","","","","","","","","","","",""
"道の駅あさひ","あさひ萩市国道262号山口-03","https://ja.wikipedia.org/wiki/道の駅あさひ","道の駅一覧_中国地方","https://ja.wikipedia.org/wiki/道の駅一覧_中国地方","表形式","北緯34度17分11秒東経131度27分34秒","〒753-0101山口県萩市大字佐々並2476-1","国道262号","第6回（35003）","1994年8月4日","国土交通省案内ページ全国道の駅連絡会ページ","不明","9:00 - 18:00（月曜：9:00 - 17:00）","","","","","","","","","","","",""
"道の駅あいお","あいお山口市県道338号大海秋穂二島線山口-04","https://ja.wikipedia.org/wiki/道の駅あいお","道の駅一覧_中国地方","https://ja.wikipedia.org/wiki/道の駅一覧_中国地方","表形式","北緯34度1分43.8秒東経131度27分26.3秒","〒754-1101山口県山口市秋穂東1520-4","山口県道338号","第6回（35004）","1994年8月4日","国土交通省案内ページ全国道の駅連絡会ページ","1995年1月14日","9:00 - 18:00","","","","","","","","","","","",""
"道の駅ゆとりパークたまがわ","ゆとりパークたまがわ萩市国道191号山口-05","https://ja.wikipedia.org/wiki/道の駅ゆとりパークたまがわ","道の駅一覧_中国地方","https://ja.wikipedia.org/wiki/道の駅一覧_中国地方","表形式","北緯34度38分55秒東経131度39分54秒","〒759-3112山口県萩市大字下田万2849-1","国道191号","第10回（35005）","1996年4月16日","国土交通省案内ページ全国道の駅連絡会ページ公式ウェブサイト","1997年9月26日","8:30 - 19:30（3 - 11月）8:30 - 19:00（12 - 2月）","","","","","","","","","","","",""
"道の駅サザンセトとうわ","さざんせととうわサザンセトとうわ大島郡周防大島町国道437号山口-06","https://ja.wikipedia.org/wiki/道の駅サザンセトとうわ","道の駅一覧_中国地方","https://ja.wikipedia.org/wiki/道の駅一覧_中国地方","表形式","北緯33度54分15秒東経132度20分30秒","〒742-2921山口県大島郡周防大島町大字西方高田1958-77","国道437号","第11回（35006）","1996年8月5日","国土交通省案内ページ全国道の駅連絡会ページ公式ウェブサイト","1997年ごろ不明","10:00 - 18:00","","","","","","","","","","","",""
"道の駅きくがわ","きくがわ下関市国道491号山口-07","https://ja.wikipedia.org/wiki/道の駅きくがわ","道の駅一覧_中国地方","https://ja.wikipedia.org/wiki/道の駅一覧_中国地方","表形式","北緯34度07分34秒東経131度01分54秒","〒750-0321山口県下関市菊川町大字上岡枝766-1","国道491号","第11回（35007）","1996年8月5日","国土交通省案内ページ全国道の駅連絡会ページ公式ウェブサイト","不明","8:30 - 21:00","","","","","","","","","","","",""
"道の駅ハピネスふくえ","はぴねすふくえハピネスふくえ萩市県道11号萩篠生線山口-08","https://ja.wikipedia.org/wiki/道の駅ハピネスふくえ","道の駅一覧_中国地方","https://ja.wikipedia.org/wiki/道の駅一覧_中国地方","表形式","北緯34度26分02秒東経131度28分58秒","〒758-0212山口県萩市大字福井下4014-2","山口県道11号","第11回（35008）","1996年8月5日","国土交通省案内ページ全国道の駅連絡会ページ","1997年9月","8:30 - 20:00（3 - 11月）8:30 - 18:00（12 - 2月）","","","","","","","","","","","",""
"道の駅長門峡","ちょうもんきょう長門峡（ちょうもんきょう）山口市国道9号山口-09","https://ja.wikipedia.org/wiki/道の駅長門峡","道の駅一覧_中国地方","https://ja.wikipedia.org/wiki/道の駅一覧_中国地方","表形式","北緯34度18分11.1秒東経131度34分34.5秒","〒759-1231山口県山口市阿東生雲東分47-1","国道9号","第13回（35009）","1997年10月22日","国土交通省案内ページ全国道の駅連絡会ページ公式ウェブサイト","1998年10月","9:30 - 18:00","","","","","","","","","","","",""
"道の駅ピュアラインにしき","ぴゅあらいんにしきピュアラインにしき岩国市国道187号山口-10","https://ja.wikipedia.org/wiki/道の駅ピュアラインにしき","道の駅一覧_中国地方","https://ja.wikipedia.org/wiki/道の駅一覧_中国地方","表形式","北緯34度16分41秒東経131度58分11秒","〒740-0723山口県岩国市錦町府谷117","国道187号","第13回（35010）","1997年10月22日","国土交通省案内ページ全国道の駅連絡会ページ公式ウェブサイト","1998年4月","9:00 - 18:00","","","","","","","","","","","",""
"道の駅おふく","おふく美祢市国道316号山口-11於福駅に隣接","https://ja.wikipedia.org/wiki/道の駅おふく","道の駅一覧_中国地方","https://ja.wikipedia.org/wiki/道の駅一覧_中国地方","表形式","北緯34度14分16秒東経131度12分30秒","〒759-2301山口県美祢市於福町上4383-1","国道316号","第13回（35011）","1997年10月22日","国土交通省案内ページ全国道の駅連絡会ページ公式ウェブサイト","","9:00 - 18:00","","","","","","","","","","","",""
"道の駅みとう","みとう美祢市国道435号山口-12実際の設置路線は県道30号小野田美東線","https://ja.wikipedia.org/wiki/道の駅みとう","道の駅一覧_中国地方","https://ja.wikipedia.org/wiki/道の駅一覧_中国地方","表形式","北緯34度13分05秒東経131度20分38秒","〒754-0211山口県美祢市美東町大田字近光5480-1","国道435号","第13回（35012）","1997年10月22日","国土交通省案内ページ全国道の駅連絡会ページ","不明","8:30 - 17:15","","","","","","","","","","","",""
"道の駅仁保の郷","にほのさと仁保の郷（にほのさと）山口市国道376号山口-13","https://ja.wikipedia.org/wiki/道の駅仁保の郷","道の駅一覧_中国地方","https://ja.wikipedia.org/wiki/道の駅一覧_中国地方","表形式","北緯34度12分40秒東経131度33分35秒","〒753-0302山口県山口市仁保中郷1034","国道376号","第15回（35013）","1999年8月27日","国土交通省案内ページ全国道の駅連絡会ページ公式ウェブサイト","2000年10月7日","8:30 - 18:30","","","","","","","","","","","",""
"道の駅萩しーまーと","はぎしーまーと萩しーまーと（はぎしーまーと）萩市県道67号萩川上線山口-14全国モデル「道の駅」","https://ja.wikipedia.org/wiki/道の駅萩しーまーと","道の駅一覧_中国地方","https://ja.wikipedia.org/wiki/道の駅一覧_中国地方","表形式","北緯34度25分35秒東経131度24分52秒","〒758-0011山口県萩市椿東字北前小畑4160-61","山口県道67号","第16回（35014）","18 8 2000","国土交通省案内ページ全国道の駅連絡会ページ公式ウェブサイト","2001年4月","9:30 - 18:00","","","","","","","","","","","",""
"道の駅願成就温泉","がんじょうじゅおんせん願成就温泉（がんじょうじゅおんせん）山口市国道9号山口-15","https://ja.wikipedia.org/wiki/道の駅願成就温泉","道の駅一覧_中国地方","https://ja.wikipedia.org/wiki/道の駅一覧_中国地方","表形式","北緯34度26分4.0秒東経131度46分13.8秒","〒759-1511山口県山口市阿東徳佐上2-95","国道9号","第19回（35015）","2003年8月8日","国土交通省案内ページ全国道の駅連絡会ページ公式ウェブサイト","2003年11月","9:00 - 20:30(最終受付:20:00)","","","","","","","","","","","",""
"道の駅うり坊の郷 katamata","うり坊の郷 katamata（うりぼうのさとかたまた）萩市国道315号山口-16","https://ja.wikipedia.org/wiki/道の駅うり坊の郷_katamata","道の駅一覧_中国地方","https://ja.wikipedia.org/wiki/道の駅一覧_中国地方","表形式","北緯34度28分59秒東経131度37分56秒","〒758-0301山口県萩市大字片俣字円明1244-7","国道315号","第20回（35016）","2004年8月9日","国土交通省案内ページ全国道の駅連絡会ページ","2004年6月4日","8:00 - 17:00","","","","","","","","","","","",""
"道の駅蛍街道西ノ市","ほたるかいどうにしのいち蛍街道西ノ市（ほたるかいどうにしのいち）下関市県道34号下関長門線山口-17","https://ja.wikipedia.org/wiki/道の駅蛍街道西ノ市","道の駅一覧_中国地方","https://ja.wikipedia.org/wiki/道の駅一覧_中国地方","表形式","北緯34度11分55秒東経131度04分36秒","〒750-0441山口県下関市豊田町大字中村876番地4","山口県道34号","第20回（35017）","2004年8月9日","国土交通省案内ページ全国道の駅連絡会ページ公式ウェブサイト","2004年12月14日","7:00 - 21:00","","","","","","","","","","","",""
"道の駅きらら あじす","きらら あじす山口市県道212号山口阿知須宇部線県道213号きらら浜沖の原線山口-18","https://ja.wikipedia.org/wiki/道の駅きらら_あじす","道の駅一覧_中国地方","https://ja.wikipedia.org/wiki/道の駅一覧_中国地方","表形式","","〒754-1277山口県山口市阿知須509-88","山口県道212号山口阿知須宇部線山口県道213号きらら浜沖の原線","第20回（35018）","2004年8月9日","国土交通省案内ページ全国道の駅連絡会ページ公式ウェブサイト","2005年3月26日","8:00 - 19:00","","","","","","","","","","","",""
"道の駅萩・さんさん三見","はぎさんさんさんみ萩・さんさん三見（はぎさんさんさんみ）萩市国道191号萩三隅道路山口-19山陰自動車道明石PAに併設","https://ja.wikipedia.org/wiki/道の駅萩・さんさん三見","道の駅一覧_中国地方","https://ja.wikipedia.org/wiki/道の駅一覧_中国地方","表形式","北緯34度23分18.6秒東経131度19分26.3秒","〒759-3721山口県萩市三見明石北緯34度23分18.6秒東経131度19分26.3秒座標:北緯34度23分18.6秒 東経131度19分26.3秒","","","","","","",".mw-parser-output .jaexpsign{text-align:center;background-color:#00702C;color:white}.mw-parser-output .jaroadsign{text-align:center;background-color:blue;color:white}.mw-parser-output .roadname{width:250px;border-radius:10px;padding:1em;margin:0.2em auto}.mw-parser-output .roadname p{margin:5px auto}.mw-parser-output .routenumber{display:inline-block;min-width:2em;border-radius:4px;padding-left:0.25em;padding-right:0.25em;font-weight:bold}E9山陰自動車道(萩・三隅道路)","P 明石","2010年4月3日","","","","","","","","",""
"道の駅北浦街道 豊北","きたうらかいどうほうほく北浦街道 豊北（きたうらかいどうほうほく）下関市国道191号山口-20","https://ja.wikipedia.org/wiki/道の駅北浦街道_豊北","道の駅一覧_中国地方","https://ja.wikipedia.org/wiki/道の駅一覧_中国地方","表形式","北緯34度18分38秒東経130度53分19秒","〒759-6121山口県下関市豊北町大字神田上314-1","国道191号","第36回（35020）","2011年8月25日","国土交通省案内ページ全国道の駅連絡会ページ公式ウェブサイト","2012年3月24日","8:30 - 18:00","","","","","","","","","","","",""
"道の駅ソレーネ周南","それーねしゅうなんソレーネ周南（ソレーネしゅうなん）周南市国道2号山口-21重点「道の駅」","https://ja.wikipedia.org/wiki/道の駅ソレーネ周南","道の駅一覧_中国地方","https://ja.wikipedia.org/wiki/道の駅一覧_中国地方","表形式","北緯34度04分28秒東経131度41分17秒","〒745-1131山口県周南市大字戸田2713","国道2号","第40回（35021）","2013年10月11日","国土交通省案内ページ全国道の駅連絡会ページ公式ウェブサイト","2014年5月17日[1]","","","","","","","","","","","","",""
"道の駅上関海峡","かみのせきかいきょう上関海峡（かみのせきかいきょう）熊毛郡上関町県道23号光上関線山口-22","https://ja.wikipedia.org/wiki/道の駅上関海峡","道の駅一覧_中国地方","https://ja.wikipedia.org/wiki/道の駅一覧_中国地方","表形式","北緯33度50分4.3秒東経132度7分0.4秒","〒742-1403山口県熊毛郡上関町室津904-15","山口県道23号","第41回（35022）","2014年4月4日","国土交通省案内ページ全国道の駅連絡会ページ公式ウェブサイト","2014年11月21日","8:30〜18:00","","","","","","","","","","","",""
"道の駅潮彩市場防府","しおさいいちばほうふ潮彩市場防府（しおさいいちばほうふ）防府市市道新築地一号線山口-23","https://ja.wikipedia.org/wiki/道の駅潮彩市場防府","道の駅一覧_中国地方","https://ja.wikipedia.org/wiki/道の駅一覧_中国地方","表形式","北緯34度02分16秒東経131度35分50秒","〒747-0824山口県防府市新築地町2番地3","市道 新築地一号線","第43回（35023）","2015年4月15日","国土交通省案内ページ全国道の駅連絡会ページ公式ウェブサイト","2015年10月10日","9:00 - 18:00","","","","","","","","","","","",""
"道の駅センザキッチン","センザキッチン長門市県道282号仙崎停車場小浜線山口-24","https://ja.wikipedia.org/wiki/道の駅センザキッチン","道の駅一覧_中国地方","https://ja.wikipedia.org/wiki/道の駅一覧_中国地方","表形式","北緯34度23分17秒東経131度12分13秒","〒759-4106山口県長門市仙崎4297番地1","山口県道282号仙崎停車場小浜線","第48回（35024）","2017年11月17日","国土交通省案内ページ全国道の駅連絡会ページ公式ウェブサイト","2018年4月20日","9:00 - 18:00（一部店舗は21:00まで）","","","","","","","","","","","",""
